"Ecosystem Name","Country","Ecosystem Functional Group","Threat","Threat Bounds","Trigger","Area","Assessment System","Source","Reference"
"1.A.1.Ea.134 - Caribbean Coastal Lowland Dry Forest","Virgin Islands","T1.2","EN","EN -- CR","A1, A3, D2b",35950.6755,"IUCN RLE 2.2","https://doi.org/10.1111/conl.12623","Ferrer-Paris et al. 2019"
"1.A.1.Ea.134 - Caribbean Coastal Lowland Dry Forest","United States","T1.2","EN","EN -- CR","A1, A3, D2b",35950.6755,"IUCN RLE 2.2","https://doi.org/10.1111/conl.12623","Ferrer-Paris et al. 2019"
"1.A.1.Ea.134 - Caribbean Coastal Lowland Dry Forest","Turks and Caicas Islands","T1.2","EN","EN -- CR","A1, A3, D2b",35950.6755,"IUCN RLE 2.2","https://doi.org/10.1111/conl.12623","Ferrer-Paris et al. 2019"
"1.A.1.Ea.134 - Caribbean Coastal Lowland Dry Forest","Trinidad and Tobago","T1.2","EN","EN -- CR","A1, A3, D2b",35950.6755,"IUCN RLE 2.2","https://doi.org/10.1111/conl.12623","Ferrer-Paris et al. 2019"
"1.A.1.Ea.134 - Caribbean Coastal Lowland Dry Forest","Sint Maarten","T1.2","EN","EN -- CR","A1, A3, D2b",35950.6755,"IUCN RLE 2.2","https://doi.org/10.1111/conl.12623","Ferrer-Paris et al. 2019"
"1.A.1.Ea.134 - Caribbean Coastal Lowland Dry Forest","Saint Vincent and the Grenadines","T1.2","EN","EN -- CR","A1, A3, D2b",35950.6755,"IUCN RLE 2.2","https://doi.org/10.1111/conl.12623","Ferrer-Paris et al. 2019"
"1.A.1.Ea.134 - Caribbean Coastal Lowland Dry Forest","Saint Martin","T1.2","EN","EN -- CR","A1, A3, D2b",35950.6755,"IUCN RLE 2.2","https://doi.org/10.1111/conl.12623","Ferrer-Paris et al. 2019"
"1.A.1.Ea.134 - Caribbean Coastal Lowland Dry Forest","Saint Lucia","T1.2","EN","EN -- CR","A1, A3, D2b",35950.6755,"IUCN RLE 2.2","https://doi.org/10.1111/conl.12623","Ferrer-Paris et al. 2019"
"1.A.1.Ea.134 - Caribbean Coastal Lowland Dry Forest","Saint Kitts and Nevis","T1.2","EN","EN -- CR","A1, A3, D2b",35950.6755,"IUCN RLE 2.2","https://doi.org/10.1111/conl.12623","Ferrer-Paris et al. 2019"
"1.A.1.Ea.134 - Caribbean Coastal Lowland Dry Forest","Saint Barthélemy","T1.2","EN","EN -- CR","A1, A3, D2b",35950.6755,"IUCN RLE 2.2","https://doi.org/10.1111/conl.12623","Ferrer-Paris et al. 2019"
"1.A.1.Ea.134 - Caribbean Coastal Lowland Dry Forest","Puerto Rico","T1.2","EN","EN -- CR","A1, A3, D2b",35950.6755,"IUCN RLE 2.2","https://doi.org/10.1111/conl.12623","Ferrer-Paris et al. 2019"
"1.A.1.Ea.134 - Caribbean Coastal Lowland Dry Forest","Montserrat","T1.2","EN","EN -- CR","A1, A3, D2b",35950.6755,"IUCN RLE 2.2","https://doi.org/10.1111/conl.12623","Ferrer-Paris et al. 2019"
"1.A.1.Ea.134 - Caribbean Coastal Lowland Dry Forest","Martinique","T1.2","EN","EN -- CR","A1, A3, D2b",35950.6755,"IUCN RLE 2.2","https://doi.org/10.1111/conl.12623","Ferrer-Paris et al. 2019"
"1.A.1.Ea.134 - Caribbean Coastal Lowland Dry Forest","Jamaica","T1.2","EN","EN -- CR","A1, A3, D2b",35950.6755,"IUCN RLE 2.2","https://doi.org/10.1111/conl.12623","Ferrer-Paris et al. 2019"
"1.A.1.Ea.134 - Caribbean Coastal Lowland Dry Forest","Haiti","T1.2","EN","EN -- CR","A1, A3, D2b",35950.6755,"IUCN RLE 2.2","https://doi.org/10.1111/conl.12623","Ferrer-Paris et al. 2019"
"1.A.1.Ea.134 - Caribbean Coastal Lowland Dry Forest","Guadeloupe","T1.2","EN","EN -- CR","A1, A3, D2b",35950.6755,"IUCN RLE 2.2","https://doi.org/10.1111/conl.12623","Ferrer-Paris et al. 2019"
"1.A.1.Ea.134 - Caribbean Coastal Lowland Dry Forest","Grenada","T1.2","EN","EN -- CR","A1, A3, D2b",35950.6755,"IUCN RLE 2.2","https://doi.org/10.1111/conl.12623","Ferrer-Paris et al. 2019"
"1.A.1.Ea.134 - Caribbean Coastal Lowland Dry Forest","Dominican Republic","T1.2","EN","EN -- CR","A1, A3, D2b",35950.6755,"IUCN RLE 2.2","https://doi.org/10.1111/conl.12623","Ferrer-Paris et al. 2019"
"1.A.1.Ea.134 - Caribbean Coastal Lowland Dry Forest","Dominica","T1.2","EN","EN -- CR","A1, A3, D2b",35950.6755,"IUCN RLE 2.2","https://doi.org/10.1111/conl.12623","Ferrer-Paris et al. 2019"
"1.A.1.Ea.134 - Caribbean Coastal Lowland Dry Forest","Cuba","T1.2","EN","EN -- CR","A1, A3, D2b",35950.6755,"IUCN RLE 2.2","https://doi.org/10.1111/conl.12623","Ferrer-Paris et al. 2019"
"1.A.1.Ea.134 - Caribbean Coastal Lowland Dry Forest","Cayman Islands","T1.2","EN","EN -- CR","A1, A3, D2b",35950.6755,"IUCN RLE 2.2","https://doi.org/10.1111/conl.12623","Ferrer-Paris et al. 2019"
"1.A.1.Ea.134 - Caribbean Coastal Lowland Dry Forest","British Virgin Islands","T1.2","EN","EN -- CR","A1, A3, D2b",35950.6755,"IUCN RLE 2.2","https://doi.org/10.1111/conl.12623","Ferrer-Paris et al. 2019"
"1.A.1.Ea.134 - Caribbean Coastal Lowland Dry Forest","Bonaire, Saint Eustatius and Saba","T1.2","EN","EN -- CR","A1, A3, D2b",35950.6755,"IUCN RLE 2.2","https://doi.org/10.1111/conl.12623","Ferrer-Paris et al. 2019"
"1.A.1.Ea.134 - Caribbean Coastal Lowland Dry Forest","Barbados","T1.2","EN","EN -- CR","A1, A3, D2b",35950.6755,"IUCN RLE 2.2","https://doi.org/10.1111/conl.12623","Ferrer-Paris et al. 2019"
"1.A.1.Ea.134 - Caribbean Coastal Lowland Dry Forest","Bahamas","T1.2","EN","EN -- CR","A1, A3, D2b",35950.6755,"IUCN RLE 2.2","https://doi.org/10.1111/conl.12623","Ferrer-Paris et al. 2019"
"1.A.1.Ea.134 - Caribbean Coastal Lowland Dry Forest","Antigua and Barbuda","T1.2","EN","EN -- CR","A1, A3, D2b",35950.6755,"IUCN RLE 2.2","https://doi.org/10.1111/conl.12623","Ferrer-Paris et al. 2019"
"1.A.1.Ea.134 - Caribbean Coastal Lowland Dry Forest","Anguilla","T1.2","EN","EN -- CR","A1, A3, D2b",35950.6755,"IUCN RLE 2.2","https://doi.org/10.1111/conl.12623","Ferrer-Paris et al. 2019"
"1.A.1.Ea.294 - Caribbean Dry Limestone Forest","Trinidad and Tobago","T1.2","EN",NA,"A3, D2b",5145.2577,"IUCN RLE 2.2","https://doi.org/10.1111/conl.12623","Ferrer-Paris et al. 2019"
"1.A.1.Ea.294 - Caribbean Dry Limestone Forest","Saint Vincent and the Grenadines","T1.2","EN",NA,"A3, D2b",5145.2577,"IUCN RLE 2.2","https://doi.org/10.1111/conl.12623","Ferrer-Paris et al. 2019"
"1.A.1.Ea.294 - Caribbean Dry Limestone Forest","Saint Lucia","T1.2","EN",NA,"A3, D2b",5145.2577,"IUCN RLE 2.2","https://doi.org/10.1111/conl.12623","Ferrer-Paris et al. 2019"
"1.A.1.Ea.294 - Caribbean Dry Limestone Forest","Puerto Rico","T1.2","EN",NA,"A3, D2b",5145.2577,"IUCN RLE 2.2","https://doi.org/10.1111/conl.12623","Ferrer-Paris et al. 2019"
"1.A.1.Ea.294 - Caribbean Dry Limestone Forest","Martinique","T1.2","EN",NA,"A3, D2b",5145.2577,"IUCN RLE 2.2","https://doi.org/10.1111/conl.12623","Ferrer-Paris et al. 2019"
"1.A.1.Ea.294 - Caribbean Dry Limestone Forest","Jamaica","T1.2","EN",NA,"A3, D2b",5145.2577,"IUCN RLE 2.2","https://doi.org/10.1111/conl.12623","Ferrer-Paris et al. 2019"
"1.A.1.Ea.294 - Caribbean Dry Limestone Forest","Haiti","T1.2","EN",NA,"A3, D2b",5145.2577,"IUCN RLE 2.2","https://doi.org/10.1111/conl.12623","Ferrer-Paris et al. 2019"
"1.A.1.Ea.294 - Caribbean Dry Limestone Forest","Guadeloupe","T1.2","EN",NA,"A3, D2b",5145.2577,"IUCN RLE 2.2","https://doi.org/10.1111/conl.12623","Ferrer-Paris et al. 2019"
"1.A.1.Ea.294 - Caribbean Dry Limestone Forest","Dominican Republic","T1.2","EN",NA,"A3, D2b",5145.2577,"IUCN RLE 2.2","https://doi.org/10.1111/conl.12623","Ferrer-Paris et al. 2019"
"1.A.1.Ea.294 - Caribbean Dry Limestone Forest","Dominica","T1.2","EN",NA,"A3, D2b",5145.2577,"IUCN RLE 2.2","https://doi.org/10.1111/conl.12623","Ferrer-Paris et al. 2019"
"1.A.1.Ea.294 - Caribbean Dry Limestone Forest","Cuba","T1.2","EN",NA,"A3, D2b",5145.2577,"IUCN RLE 2.2","https://doi.org/10.1111/conl.12623","Ferrer-Paris et al. 2019"
"1.A.1.Ea.294 - Caribbean Dry Limestone Forest","Bahamas","T1.2","EN",NA,"A3, D2b",5145.2577,"IUCN RLE 2.2","https://doi.org/10.1111/conl.12623","Ferrer-Paris et al. 2019"
"1.A.1.Ea.294 - Caribbean Dry Limestone Forest","Antigua and Barbuda","T1.2","EN",NA,"A3, D2b",5145.2577,"IUCN RLE 2.2","https://doi.org/10.1111/conl.12623","Ferrer-Paris et al. 2019"
"1.A.1.Ea.296 - Caribbean & Mesoamerican Pine-Oak Dry Forest","Panama","T1.2","VU",NA,"A1, A3, D2b",29297.9268,"IUCN RLE 2.2","https://doi.org/10.1111/conl.12623","Ferrer-Paris et al. 2019"
"1.A.1.Ea.296 - Caribbean & Mesoamerican Pine-Oak Dry Forest","Nicaragua","T1.2","VU",NA,"A1, A3, D2b",29297.9268,"IUCN RLE 2.2","https://doi.org/10.1111/conl.12623","Ferrer-Paris et al. 2019"
"1.A.1.Ea.296 - Caribbean & Mesoamerican Pine-Oak Dry Forest","Mexico","T1.2","VU",NA,"A1, A3, D2b",29297.9268,"IUCN RLE 2.2","https://doi.org/10.1111/conl.12623","Ferrer-Paris et al. 2019"
"1.A.1.Ea.296 - Caribbean & Mesoamerican Pine-Oak Dry Forest","Honduras","T1.2","VU",NA,"A1, A3, D2b",29297.9268,"IUCN RLE 2.2","https://doi.org/10.1111/conl.12623","Ferrer-Paris et al. 2019"
"1.A.1.Ea.296 - Caribbean & Mesoamerican Pine-Oak Dry Forest","Guatemala","T1.2","VU",NA,"A1, A3, D2b",29297.9268,"IUCN RLE 2.2","https://doi.org/10.1111/conl.12623","Ferrer-Paris et al. 2019"
"1.A.1.Ea.296 - Caribbean & Mesoamerican Pine-Oak Dry Forest","El Salvador","T1.2","VU",NA,"A1, A3, D2b",29297.9268,"IUCN RLE 2.2","https://doi.org/10.1111/conl.12623","Ferrer-Paris et al. 2019"
"1.A.1.Ea.296 - Caribbean & Mesoamerican Pine-Oak Dry Forest","Costa Rica","T1.2","VU",NA,"A1, A3, D2b",29297.9268,"IUCN RLE 2.2","https://doi.org/10.1111/conl.12623","Ferrer-Paris et al. 2019"
"1.A.1.Ea.296 - Caribbean & Mesoamerican Pine-Oak Dry Forest","Belize","T1.2","VU",NA,"A1, A3, D2b",29297.9268,"IUCN RLE 2.2","https://doi.org/10.1111/conl.12623","Ferrer-Paris et al. 2019"
"1.A.1.Ea.296 - Caribbean & Mesoamerican Pine-Oak Dry Forest","United States","T1.2","VU",NA,"A1, A3, D2b",29297.9268,"IUCN RLE 2.2","https://doi.org/10.1111/conl.12623","Ferrer-Paris et al. 2019"
"1.A.1.Ea.296 - Caribbean & Mesoamerican Pine-Oak Dry Forest","Turks and Caicas Islands","T1.2","VU",NA,"A1, A3, D2b",29297.9268,"IUCN RLE 2.2","https://doi.org/10.1111/conl.12623","Ferrer-Paris et al. 2019"
"1.A.1.Ea.296 - Caribbean & Mesoamerican Pine-Oak Dry Forest","Puerto Rico","T1.2","VU",NA,"A1, A3, D2b",29297.9268,"IUCN RLE 2.2","https://doi.org/10.1111/conl.12623","Ferrer-Paris et al. 2019"
"1.A.1.Ea.296 - Caribbean & Mesoamerican Pine-Oak Dry Forest","Jamaica","T1.2","VU",NA,"A1, A3, D2b",29297.9268,"IUCN RLE 2.2","https://doi.org/10.1111/conl.12623","Ferrer-Paris et al. 2019"
"1.A.1.Ea.296 - Caribbean & Mesoamerican Pine-Oak Dry Forest","Haiti","T1.2","VU",NA,"A1, A3, D2b",29297.9268,"IUCN RLE 2.2","https://doi.org/10.1111/conl.12623","Ferrer-Paris et al. 2019"
"1.A.1.Ea.296 - Caribbean & Mesoamerican Pine-Oak Dry Forest","Dominican Republic","T1.2","VU",NA,"A1, A3, D2b",29297.9268,"IUCN RLE 2.2","https://doi.org/10.1111/conl.12623","Ferrer-Paris et al. 2019"
"1.A.1.Ea.296 - Caribbean & Mesoamerican Pine-Oak Dry Forest","Cuba","T1.2","VU",NA,"A1, A3, D2b",29297.9268,"IUCN RLE 2.2","https://doi.org/10.1111/conl.12623","Ferrer-Paris et al. 2019"
"1.A.1.Ea.296 - Caribbean & Mesoamerican Pine-Oak Dry Forest","Bahamas","T1.2","VU",NA,"A1, A3, D2b",29297.9268,"IUCN RLE 2.2","https://doi.org/10.1111/conl.12623","Ferrer-Paris et al. 2019"
"1.A.1.Ea.561 - Caribbean & Mesoamerican Seasonal Dry Forest","Nicaragua","T1.2","VU",NA,"D2b",53960.013,"IUCN RLE 2.2","https://doi.org/10.1111/conl.12623","Ferrer-Paris et al. 2019"
"1.A.1.Ea.561 - Caribbean & Mesoamerican Seasonal Dry Forest","Mexico","T1.2","VU",NA,"D2b",53960.013,"IUCN RLE 2.2","https://doi.org/10.1111/conl.12623","Ferrer-Paris et al. 2019"
"1.A.1.Ea.561 - Caribbean & Mesoamerican Seasonal Dry Forest","Honduras","T1.2","VU",NA,"D2b",53960.013,"IUCN RLE 2.2","https://doi.org/10.1111/conl.12623","Ferrer-Paris et al. 2019"
"1.A.1.Ea.561 - Caribbean & Mesoamerican Seasonal Dry Forest","Guatemala","T1.2","VU",NA,"D2b",53960.013,"IUCN RLE 2.2","https://doi.org/10.1111/conl.12623","Ferrer-Paris et al. 2019"
"1.A.1.Ea.562 - Pacific Mesoamerican Seasonal Dry Forest","United States","T1.2","NE",NA,NA,209969.2854,"IUCN RLE 2.2","https://doi.org/10.1111/conl.12623","Ferrer-Paris et al. 2019"
"1.A.1.Ea.562 - Pacific Mesoamerican Seasonal Dry Forest","Costa Rica","T1.2","NE",NA,NA,209969.2854,"IUCN RLE 2.2","https://doi.org/10.1111/conl.12623","Ferrer-Paris et al. 2019"
"1.A.1.Ea.562 - Pacific Mesoamerican Seasonal Dry Forest","El Salvador","T1.2","NE",NA,NA,209969.2854,"IUCN RLE 2.2","https://doi.org/10.1111/conl.12623","Ferrer-Paris et al. 2019"
"1.A.1.Ea.562 - Pacific Mesoamerican Seasonal Dry Forest","Guatemala","T1.2","NE",NA,NA,209969.2854,"IUCN RLE 2.2","https://doi.org/10.1111/conl.12623","Ferrer-Paris et al. 2019"
"1.A.1.Ea.562 - Pacific Mesoamerican Seasonal Dry Forest","Honduras","T1.2","NE",NA,NA,209969.2854,"IUCN RLE 2.2","https://doi.org/10.1111/conl.12623","Ferrer-Paris et al. 2019"
"1.A.1.Ea.562 - Pacific Mesoamerican Seasonal Dry Forest","Mexico","T1.2","NE",NA,NA,209969.2854,"IUCN RLE 2.2","https://doi.org/10.1111/conl.12623","Ferrer-Paris et al. 2019"
"1.A.1.Ea.562 - Pacific Mesoamerican Seasonal Dry Forest","Nicaragua","T1.2","NE",NA,NA,209969.2854,"IUCN RLE 2.2","https://doi.org/10.1111/conl.12623","Ferrer-Paris et al. 2019"
"1.A.1.Ea.562 - Pacific Mesoamerican Seasonal Dry Forest","Panama","T1.2","NE",NA,NA,209969.2854,"IUCN RLE 2.2","https://doi.org/10.1111/conl.12623","Ferrer-Paris et al. 2019"
"1.A.1.Ea.562 - Pacific Mesoamerican Seasonal Dry Forest","Colombia","T1.2","NE",NA,NA,209969.2854,"IUCN RLE 2.2","https://doi.org/10.1111/conl.12623","Ferrer-Paris et al. 2019"
"1.A.1.Ei.563 - Guajiran Seasonal Dry Forest","Venezuela","T1.2","EN",NA,"A3",70336.4472,"IUCN RLE 2.2","https://doi.org/10.1111/conl.12623","Ferrer-Paris et al. 2019"
"1.A.1.Ei.563 - Guajiran Seasonal Dry Forest","Colombia","T1.2","EN",NA,"A3",70336.4472,"IUCN RLE 2.2","https://doi.org/10.1111/conl.12623","Ferrer-Paris et al. 2019"
"1.A.1.Ei.563 - Guajiran Seasonal Dry Forest","Trinidad and Tobago","T1.2","EN",NA,"A3",70336.4472,"IUCN RLE 2.2","https://doi.org/10.1111/conl.12623","Ferrer-Paris et al. 2019"
"1.A.1.Ei.565 - Llanos Seasonal Dry Forest","Venezuela","T1.2","EN","VU -- EN","A1, A3",21589.3026,"IUCN RLE 2.2","https://doi.org/10.1111/conl.12623","Ferrer-Paris et al. 2019"
"1.A.1.Ei.565 - Llanos Seasonal Dry Forest","Colombia","T1.2","EN","VU -- EN","A1, A3",21589.3026,"IUCN RLE 2.2","https://doi.org/10.1111/conl.12623","Ferrer-Paris et al. 2019"
"1.A.1.Ei.566 - Tumbes Guayaquil Seasonal Dry Forest","Peru","T1.2","CR",NA,"A2b",16079.0508,"IUCN RLE 2.2","https://doi.org/10.1111/conl.12623","Ferrer-Paris et al. 2019"
"1.A.1.Ei.566 - Tumbes Guayaquil Seasonal Dry Forest","Ecuador","T1.2","CR",NA,"A2b",16079.0508,"IUCN RLE 2.2","https://doi.org/10.1111/conl.12623","Ferrer-Paris et al. 2019"
"1.A.1.Ei.566 - Tumbes Guayaquil Seasonal Dry Forest","Colombia","T1.2","CR",NA,"A2b",16079.0508,"IUCN RLE 2.2","https://doi.org/10.1111/conl.12623","Ferrer-Paris et al. 2019"
"1.A.1.Ej.567 - Central Guianan Seasonal Dry Forest","Suriname","T1.2","LC",NA,NA,36095.3901,"IUCN RLE 2.2","https://doi.org/10.1111/conl.12623","Ferrer-Paris et al. 2019"
"1.A.1.Ej.567 - Central Guianan Seasonal Dry Forest","Guyana","T1.2","LC",NA,NA,36095.3901,"IUCN RLE 2.2","https://doi.org/10.1111/conl.12623","Ferrer-Paris et al. 2019"
"1.A.1.Ej.567 - Central Guianan Seasonal Dry Forest","French Guiana","T1.2","LC",NA,NA,36095.3901,"IUCN RLE 2.2","https://doi.org/10.1111/conl.12623","Ferrer-Paris et al. 2019"
"1.A.1.Ej.567 - Central Guianan Seasonal Dry Forest","Brazil","T1.2","LC",NA,NA,36095.3901,"IUCN RLE 2.2","https://doi.org/10.1111/conl.12623","Ferrer-Paris et al. 2019"
"1.A.1.Ej.567 - Central Guianan Seasonal Dry Forest","Venezuela","T1.2","LC",NA,NA,36095.3901,"IUCN RLE 2.2","https://doi.org/10.1111/conl.12623","Ferrer-Paris et al. 2019"
"1.A.1.Ek.568 - Brazilian Atlantic Seasonal Dry Forest","Brazil","T1.2","EN","VU -- CR","A3",74131.1433,"IUCN RLE 2.2","https://doi.org/10.1111/conl.12623","Ferrer-Paris et al. 2019"
"1.A.1.Ek.570 - Cerrado Seasonal Dry Forest","Paraguay","T1.2","EN",NA,"A2b",281417.4819,"IUCN RLE 2.2","https://doi.org/10.1111/conl.12623","Ferrer-Paris et al. 2019"
"1.A.1.Ek.570 - Cerrado Seasonal Dry Forest","Bolivia","T1.2","EN",NA,"A2b",281417.4819,"IUCN RLE 2.2","https://doi.org/10.1111/conl.12623","Ferrer-Paris et al. 2019"
"1.A.1.Ek.570 - Cerrado Seasonal Dry Forest","Brazil","T1.2","EN",NA,"A2b",281417.4819,"IUCN RLE 2.2","https://doi.org/10.1111/conl.12623","Ferrer-Paris et al. 2019"
"1.A.1.Ek.571 - Parana Seasonal Dry Forest","Argentina","T1.2","CR",NA,"A2b",23182.1352,"IUCN RLE 2.2","https://doi.org/10.1111/conl.12623","Ferrer-Paris et al. 2019"
"1.A.1.Ek.571 - Parana Seasonal Dry Forest","Paraguay","T1.2","CR",NA,"A2b",23182.1352,"IUCN RLE 2.2","https://doi.org/10.1111/conl.12623","Ferrer-Paris et al. 2019"
"1.A.1.Ek.571 - Parana Seasonal Dry Forest","Bolivia","T1.2","CR",NA,"A2b",23182.1352,"IUCN RLE 2.2","https://doi.org/10.1111/conl.12623","Ferrer-Paris et al. 2019"
"1.A.1.Ek.571 - Parana Seasonal Dry Forest","Brazil","T1.2","CR",NA,"A2b",23182.1352,"IUCN RLE 2.2","https://doi.org/10.1111/conl.12623","Ferrer-Paris et al. 2019"
"1.A.1.Ek.572 - Caatinga Seasonal Dry Forest","Brazil","T1.2","CR",NA,"A2b",223873.4781,"IUCN RLE 2.2","https://doi.org/10.1111/conl.12623","Ferrer-Paris et al. 2019"
"1.A.1.Ek.872 – Cerradao Sclerophyllous Woodland","Paraguay","T1.2","EN","VU -- EN","A1, A3",NA,"IUCN RLE 2.2","https://doi.org/10.1111/conl.12623","Ferrer-Paris et al. 2019"
"1.A.1.Ek.872 – Cerradao Sclerophyllous Woodland","Bolivia","T1.2","EN","VU -- EN","A1, A3",NA,"IUCN RLE 2.2","https://doi.org/10.1111/conl.12623","Ferrer-Paris et al. 2019"
"1.A.1.Ek.872 – Cerradao Sclerophyllous Woodland","Brazil","T1.2","EN","VU -- EN","A1, A3",NA,"IUCN RLE 2.2","https://doi.org/10.1111/conl.12623","Ferrer-Paris et al. 2019"
"1.A.1.El.573 - Northern Andes Seasonal Dry Forest","Colombia","T1.2","NE",NA,NA,36183.7368,"IUCN RLE 2.2","https://doi.org/10.1111/conl.12623","Ferrer-Paris et al. 2019"
"1.A.1.El.573 - Northern Andes Seasonal Dry Forest","Venezuela","T1.2","NE",NA,NA,36183.7368,"IUCN RLE 2.2","https://doi.org/10.1111/conl.12623","Ferrer-Paris et al. 2019"
"1.A.1.El.573 - Northern Andes Seasonal Dry Forest","Ecuador","T1.2","NE",NA,NA,36183.7368,"IUCN RLE 2.2","https://doi.org/10.1111/conl.12623","Ferrer-Paris et al. 2019"
"1.A.1.El.573 - Northern Andes Seasonal Dry Forest","Peru","T1.2","NE",NA,NA,36183.7368,"IUCN RLE 2.2","https://doi.org/10.1111/conl.12623","Ferrer-Paris et al. 2019"
"1.A.1.El.574 - Central Andes Seasonal Dry Forest","Argentina","T1.2","VU",NA,"A2b",30433.4901,"IUCN RLE 2.2","https://doi.org/10.1111/conl.12623","Ferrer-Paris et al. 2019"
"1.A.1.El.574 - Central Andes Seasonal Dry Forest","Bolivia","T1.2","VU",NA,"A2b",30433.4901,"IUCN RLE 2.2","https://doi.org/10.1111/conl.12623","Ferrer-Paris et al. 2019"
"1.A.1.El.574 - Central Andes Seasonal Dry Forest","Peru","T1.2","VU",NA,"A2b",30433.4901,"IUCN RLE 2.2","https://doi.org/10.1111/conl.12623","Ferrer-Paris et al. 2019"
"1.A.1.El.574 - Central Andes Seasonal Dry Forest","Ecuador","T1.2","VU",NA,"A2b",30433.4901,"IUCN RLE 2.2","https://doi.org/10.1111/conl.12623","Ferrer-Paris et al. 2019"
"1.A.1.El.575 - Boliviano Tucumano Seasonal Dry Forest","Argentina","T1.2","NT","NT -- VU","A2b, D2b",21972.2139,"IUCN RLE 2.2","https://doi.org/10.1111/conl.12623","Ferrer-Paris et al. 2019"
"1.A.1.El.575 - Boliviano Tucumano Seasonal Dry Forest","Bolivia","T1.2","NT","NT -- VU","A2b, D2b",21972.2139,"IUCN RLE 2.2","https://doi.org/10.1111/conl.12623","Ferrer-Paris et al. 2019"
"1.A.2.Eg.281 - Caribbean Lowland Humid Forest","Virgin Islands","T1.1","EN",NA,"A1, A3, D2b",47336.0841,"IUCN RLE 2.2","https://doi.org/10.1111/conl.12623","Ferrer-Paris et al. 2019"
"1.A.2.Eg.281 - Caribbean Lowland Humid Forest","United States","T1.1","EN",NA,"A1, A3, D2b",47336.0841,"IUCN RLE 2.2","https://doi.org/10.1111/conl.12623","Ferrer-Paris et al. 2019"
"1.A.2.Eg.281 - Caribbean Lowland Humid Forest","Turks and Caicas Islands","T1.1","EN",NA,"A1, A3, D2b",47336.0841,"IUCN RLE 2.2","https://doi.org/10.1111/conl.12623","Ferrer-Paris et al. 2019"
"1.A.2.Eg.281 - Caribbean Lowland Humid Forest","Trinidad and Tobago","T1.1","EN",NA,"A1, A3, D2b",47336.0841,"IUCN RLE 2.2","https://doi.org/10.1111/conl.12623","Ferrer-Paris et al. 2019"
"1.A.2.Eg.281 - Caribbean Lowland Humid Forest","Sint Maarten","T1.1","EN",NA,"A1, A3, D2b",47336.0841,"IUCN RLE 2.2","https://doi.org/10.1111/conl.12623","Ferrer-Paris et al. 2019"
"1.A.2.Eg.281 - Caribbean Lowland Humid Forest","Saint Vincent and the Grenadines","T1.1","EN",NA,"A1, A3, D2b",47336.0841,"IUCN RLE 2.2","https://doi.org/10.1111/conl.12623","Ferrer-Paris et al. 2019"
"1.A.2.Eg.281 - Caribbean Lowland Humid Forest","Saint Martin","T1.1","EN",NA,"A1, A3, D2b",47336.0841,"IUCN RLE 2.2","https://doi.org/10.1111/conl.12623","Ferrer-Paris et al. 2019"
"1.A.2.Eg.281 - Caribbean Lowland Humid Forest","Saint Lucia","T1.1","EN",NA,"A1, A3, D2b",47336.0841,"IUCN RLE 2.2","https://doi.org/10.1111/conl.12623","Ferrer-Paris et al. 2019"
"1.A.2.Eg.281 - Caribbean Lowland Humid Forest","Saint Kitts and Nevis","T1.1","EN",NA,"A1, A3, D2b",47336.0841,"IUCN RLE 2.2","https://doi.org/10.1111/conl.12623","Ferrer-Paris et al. 2019"
"1.A.2.Eg.281 - Caribbean Lowland Humid Forest","Saint Barthélemy","T1.1","EN",NA,"A1, A3, D2b",47336.0841,"IUCN RLE 2.2","https://doi.org/10.1111/conl.12623","Ferrer-Paris et al. 2019"
"1.A.2.Eg.281 - Caribbean Lowland Humid Forest","Puerto Rico","T1.1","EN",NA,"A1, A3, D2b",47336.0841,"IUCN RLE 2.2","https://doi.org/10.1111/conl.12623","Ferrer-Paris et al. 2019"
"1.A.2.Eg.281 - Caribbean Lowland Humid Forest","Montserrat","T1.1","EN",NA,"A1, A3, D2b",47336.0841,"IUCN RLE 2.2","https://doi.org/10.1111/conl.12623","Ferrer-Paris et al. 2019"
"1.A.2.Eg.281 - Caribbean Lowland Humid Forest","Martinique","T1.1","EN",NA,"A1, A3, D2b",47336.0841,"IUCN RLE 2.2","https://doi.org/10.1111/conl.12623","Ferrer-Paris et al. 2019"
"1.A.2.Eg.281 - Caribbean Lowland Humid Forest","Jamaica","T1.1","EN",NA,"A1, A3, D2b",47336.0841,"IUCN RLE 2.2","https://doi.org/10.1111/conl.12623","Ferrer-Paris et al. 2019"
"1.A.2.Eg.281 - Caribbean Lowland Humid Forest","Haiti","T1.1","EN",NA,"A1, A3, D2b",47336.0841,"IUCN RLE 2.2","https://doi.org/10.1111/conl.12623","Ferrer-Paris et al. 2019"
"1.A.2.Eg.281 - Caribbean Lowland Humid Forest","Guadeloupe","T1.1","EN",NA,"A1, A3, D2b",47336.0841,"IUCN RLE 2.2","https://doi.org/10.1111/conl.12623","Ferrer-Paris et al. 2019"
"1.A.2.Eg.281 - Caribbean Lowland Humid Forest","Grenada","T1.1","EN",NA,"A1, A3, D2b",47336.0841,"IUCN RLE 2.2","https://doi.org/10.1111/conl.12623","Ferrer-Paris et al. 2019"
"1.A.2.Eg.281 - Caribbean Lowland Humid Forest","Dominican Republic","T1.1","EN",NA,"A1, A3, D2b",47336.0841,"IUCN RLE 2.2","https://doi.org/10.1111/conl.12623","Ferrer-Paris et al. 2019"
"1.A.2.Eg.281 - Caribbean Lowland Humid Forest","Dominica","T1.1","EN",NA,"A1, A3, D2b",47336.0841,"IUCN RLE 2.2","https://doi.org/10.1111/conl.12623","Ferrer-Paris et al. 2019"
"1.A.2.Eg.281 - Caribbean Lowland Humid Forest","Cuba","T1.1","EN",NA,"A1, A3, D2b",47336.0841,"IUCN RLE 2.2","https://doi.org/10.1111/conl.12623","Ferrer-Paris et al. 2019"
"1.A.2.Eg.281 - Caribbean Lowland Humid Forest","Cayman Islands","T1.1","EN",NA,"A1, A3, D2b",47336.0841,"IUCN RLE 2.2","https://doi.org/10.1111/conl.12623","Ferrer-Paris et al. 2019"
"1.A.2.Eg.281 - Caribbean Lowland Humid Forest","British Virgin Islands","T1.1","EN",NA,"A1, A3, D2b",47336.0841,"IUCN RLE 2.2","https://doi.org/10.1111/conl.12623","Ferrer-Paris et al. 2019"
"1.A.2.Eg.281 - Caribbean Lowland Humid Forest","Bonaire, Saint Eustatius and Saba","T1.1","EN",NA,"A1, A3, D2b",47336.0841,"IUCN RLE 2.2","https://doi.org/10.1111/conl.12623","Ferrer-Paris et al. 2019"
"1.A.2.Eg.281 - Caribbean Lowland Humid Forest","Barbados","T1.1","EN",NA,"A1, A3, D2b",47336.0841,"IUCN RLE 2.2","https://doi.org/10.1111/conl.12623","Ferrer-Paris et al. 2019"
"1.A.2.Eg.281 - Caribbean Lowland Humid Forest","Bahamas","T1.1","EN",NA,"A1, A3, D2b",47336.0841,"IUCN RLE 2.2","https://doi.org/10.1111/conl.12623","Ferrer-Paris et al. 2019"
"1.A.2.Eg.281 - Caribbean Lowland Humid Forest","Antigua and Barbuda","T1.1","EN",NA,"A1, A3, D2b",47336.0841,"IUCN RLE 2.2","https://doi.org/10.1111/conl.12623","Ferrer-Paris et al. 2019"
"1.A.2.Eg.578 - Mesoamerican Lowland Humid Forest","Colombia","T1.1","EN",NA,"A2b",203932.0152,"IUCN RLE 2.2","https://doi.org/10.1111/conl.12623","Ferrer-Paris et al. 2019"
"1.A.2.Eg.578 - Mesoamerican Lowland Humid Forest","Panama","T1.1","EN",NA,"A2b",203932.0152,"IUCN RLE 2.2","https://doi.org/10.1111/conl.12623","Ferrer-Paris et al. 2019"
"1.A.2.Eg.578 - Mesoamerican Lowland Humid Forest","Nicaragua","T1.1","EN",NA,"A2b",203932.0152,"IUCN RLE 2.2","https://doi.org/10.1111/conl.12623","Ferrer-Paris et al. 2019"
"1.A.2.Eg.578 - Mesoamerican Lowland Humid Forest","Mexico","T1.1","EN",NA,"A2b",203932.0152,"IUCN RLE 2.2","https://doi.org/10.1111/conl.12623","Ferrer-Paris et al. 2019"
"1.A.2.Eg.578 - Mesoamerican Lowland Humid Forest","Honduras","T1.1","EN",NA,"A2b",203932.0152,"IUCN RLE 2.2","https://doi.org/10.1111/conl.12623","Ferrer-Paris et al. 2019"
"1.A.2.Eg.578 - Mesoamerican Lowland Humid Forest","Guatemala","T1.1","EN",NA,"A2b",203932.0152,"IUCN RLE 2.2","https://doi.org/10.1111/conl.12623","Ferrer-Paris et al. 2019"
"1.A.2.Eg.578 - Mesoamerican Lowland Humid Forest","El Salvador","T1.1","EN",NA,"A2b",203932.0152,"IUCN RLE 2.2","https://doi.org/10.1111/conl.12623","Ferrer-Paris et al. 2019"
"1.A.2.Eg.578 - Mesoamerican Lowland Humid Forest","Costa Rica","T1.1","EN",NA,"A2b",203932.0152,"IUCN RLE 2.2","https://doi.org/10.1111/conl.12623","Ferrer-Paris et al. 2019"
"1.A.2.Eg.578 - Mesoamerican Lowland Humid Forest","Belize","T1.1","EN",NA,"A2b",203932.0152,"IUCN RLE 2.2","https://doi.org/10.1111/conl.12623","Ferrer-Paris et al. 2019"
"1.A.2.Eg.873 - Mesoamerican Submontane Humid Forest","Colombia","T1.1","EN",NA,"A2b",145116.522,"IUCN RLE 2.2","https://doi.org/10.1111/conl.12623","Ferrer-Paris et al. 2019"
"1.A.2.Eg.873 - Mesoamerican Submontane Humid Forest","Panama","T1.1","EN",NA,"A2b",145116.522,"IUCN RLE 2.2","https://doi.org/10.1111/conl.12623","Ferrer-Paris et al. 2019"
"1.A.2.Eg.873 - Mesoamerican Submontane Humid Forest","Nicaragua","T1.1","EN",NA,"A2b",145116.522,"IUCN RLE 2.2","https://doi.org/10.1111/conl.12623","Ferrer-Paris et al. 2019"
"1.A.2.Eg.873 - Mesoamerican Submontane Humid Forest","Mexico","T1.1","EN",NA,"A2b",145116.522,"IUCN RLE 2.2","https://doi.org/10.1111/conl.12623","Ferrer-Paris et al. 2019"
"1.A.2.Eg.873 - Mesoamerican Submontane Humid Forest","Honduras","T1.1","EN",NA,"A2b",145116.522,"IUCN RLE 2.2","https://doi.org/10.1111/conl.12623","Ferrer-Paris et al. 2019"
"1.A.2.Eg.873 - Mesoamerican Submontane Humid Forest","Guatemala","T1.1","EN",NA,"A2b",145116.522,"IUCN RLE 2.2","https://doi.org/10.1111/conl.12623","Ferrer-Paris et al. 2019"
"1.A.2.Eg.873 - Mesoamerican Submontane Humid Forest","El Salvador","T1.1","EN",NA,"A2b",145116.522,"IUCN RLE 2.2","https://doi.org/10.1111/conl.12623","Ferrer-Paris et al. 2019"
"1.A.2.Eg.873 - Mesoamerican Submontane Humid Forest","Costa Rica","T1.1","EN",NA,"A2b",145116.522,"IUCN RLE 2.2","https://doi.org/10.1111/conl.12623","Ferrer-Paris et al. 2019"
"1.A.2.Eg.873 - Mesoamerican Submontane Humid Forest","Belize","T1.1","EN",NA,"A2b",145116.522,"IUCN RLE 2.2","https://doi.org/10.1111/conl.12623","Ferrer-Paris et al. 2019"
"1.A.2.Eh.579 - Guajiran Humid Forest","Venezuela","T1.1","VU","NT -- VU","A1, A3",15282.8127,"IUCN RLE 2.2","https://doi.org/10.1111/conl.12623","Ferrer-Paris et al. 2019"
"1.A.2.Eh.579 - Guajiran Humid Forest","Colombia","T1.1","VU","NT -- VU","A1, A3",15282.8127,"IUCN RLE 2.2","https://doi.org/10.1111/conl.12623","Ferrer-Paris et al. 2019"
"1.A.2.Eh.580 - Catatumbo Magdalena Humid Forest","Venezuela","T1.1","EN",NA,"A1, A3",32211.8694,"IUCN RLE 2.2","https://doi.org/10.1111/conl.12623","Ferrer-Paris et al. 2019"
"1.A.2.Eh.580 - Catatumbo Magdalena Humid Forest","Colombia","T1.1","EN",NA,"A1, A3",32211.8694,"IUCN RLE 2.2","https://doi.org/10.1111/conl.12623","Ferrer-Paris et al. 2019"
"1.A.2.Eh.581 - Choco-Darien Humid Forest","Ecuador","T1.1","VU",NA,"A1, A3, D1",63604.3428,"IUCN RLE 2.2","https://doi.org/10.1111/conl.12623","Ferrer-Paris et al. 2019"
"1.A.2.Eh.581 - Choco-Darien Humid Forest","Colombia","T1.1","VU",NA,"A1, A3, D1",63604.3428,"IUCN RLE 2.2","https://doi.org/10.1111/conl.12623","Ferrer-Paris et al. 2019"
"1.A.2.Eh.581 - Choco-Darien Humid Forest","Panama","T1.1","VU",NA,"A1, A3, D1",63604.3428,"IUCN RLE 2.2","https://doi.org/10.1111/conl.12623","Ferrer-Paris et al. 2019"
"1.A.2.Eh.582 - Western Ecuador Humid Forest","Peru","T1.1","CR","EN -- CR","A2b",10715.5143,"IUCN RLE 2.2","https://doi.org/10.1111/conl.12623","Ferrer-Paris et al. 2019"
"1.A.2.Eh.582 - Western Ecuador Humid Forest","Ecuador","T1.1","CR","EN -- CR","A2b",10715.5143,"IUCN RLE 2.2","https://doi.org/10.1111/conl.12623","Ferrer-Paris et al. 2019"
"1.A.2.Eh.582 - Western Ecuador Humid Forest","Colombia","T1.1","CR","EN -- CR","A2b",10715.5143,"IUCN RLE 2.2","https://doi.org/10.1111/conl.12623","Ferrer-Paris et al. 2019"
"1.A.2.Eh.583 - Llanos Humid Forest","Venezuela","T1.1","EN","EN -- CR","A1, A2b, A3",36070.7094,"IUCN RLE 2.2","https://doi.org/10.1111/conl.12623","Ferrer-Paris et al. 2019"
"1.A.2.Eh.583 - Llanos Humid Forest","Colombia","T1.1","EN","EN -- CR","A1, A2b, A3",36070.7094,"IUCN RLE 2.2","https://doi.org/10.1111/conl.12623","Ferrer-Paris et al. 2019"
"1.A.2.Ei.584 - Western Guianan Humid Forest","Brazil","T1.1","LC",NA,NA,68892.9786,"IUCN RLE 2.2","https://doi.org/10.1111/conl.12623","Ferrer-Paris et al. 2019"
"1.A.2.Ei.584 - Western Guianan Humid Forest","Venezuela","T1.1","LC",NA,NA,68892.9786,"IUCN RLE 2.2","https://doi.org/10.1111/conl.12623","Ferrer-Paris et al. 2019"
"1.A.2.Ei.584 - Western Guianan Humid Forest","Colombia","T1.1","LC",NA,NA,68892.9786,"IUCN RLE 2.2","https://doi.org/10.1111/conl.12623","Ferrer-Paris et al. 2019"
"1.A.2.Ei.585 - Central Guianan Humid Forest","Guyana","T1.1","LC",NA,NA,117755.7183,"IUCN RLE 2.2","https://doi.org/10.1111/conl.12623","Ferrer-Paris et al. 2019"
"1.A.2.Ei.585 - Central Guianan Humid Forest","Brazil","T1.1","LC",NA,NA,117755.7183,"IUCN RLE 2.2","https://doi.org/10.1111/conl.12623","Ferrer-Paris et al. 2019"
"1.A.2.Ei.585 - Central Guianan Humid Forest","Venezuela","T1.1","LC",NA,NA,117755.7183,"IUCN RLE 2.2","https://doi.org/10.1111/conl.12623","Ferrer-Paris et al. 2019"
"1.A.2.Ei.585 - Central Guianan Humid Forest","Colombia","T1.1","LC",NA,NA,117755.7183,"IUCN RLE 2.2","https://doi.org/10.1111/conl.12623","Ferrer-Paris et al. 2019"
"1.A.2.Ei.586 - Eastern Guianan Humid Forest","Suriname","T1.1","VU","VU -- EN","C2a",312963.7905,"IUCN RLE 2.2","https://doi.org/10.1111/conl.12623","Ferrer-Paris et al. 2019"
"1.A.2.Ei.586 - Eastern Guianan Humid Forest","Guyana","T1.1","VU","VU -- EN","C2a",312963.7905,"IUCN RLE 2.2","https://doi.org/10.1111/conl.12623","Ferrer-Paris et al. 2019"
"1.A.2.Ei.586 - Eastern Guianan Humid Forest","French Guiana","T1.1","VU","VU -- EN","C2a",312963.7905,"IUCN RLE 2.2","https://doi.org/10.1111/conl.12623","Ferrer-Paris et al. 2019"
"1.A.2.Ei.586 - Eastern Guianan Humid Forest","Brazil","T1.1","VU","VU -- EN","C2a",312963.7905,"IUCN RLE 2.2","https://doi.org/10.1111/conl.12623","Ferrer-Paris et al. 2019"
"1.A.2.Ei.586 - Eastern Guianan Humid Forest","Venezuela","T1.1","VU","VU -- EN","C2a",312963.7905,"IUCN RLE 2.2","https://doi.org/10.1111/conl.12623","Ferrer-Paris et al. 2019"
"1.A.2.Ei.587 - Orinoquian Humid Forest","Suriname","T1.4","LC",NA,NA,73267.578,"IUCN RLE 2.2","https://doi.org/10.1111/conl.12623","Ferrer-Paris et al. 2019"
"1.A.2.Ei.587 - Orinoquian Humid Forest","Guyana","T1.4","LC",NA,NA,73267.578,"IUCN RLE 2.2","https://doi.org/10.1111/conl.12623","Ferrer-Paris et al. 2019"
"1.A.2.Ei.587 - Orinoquian Humid Forest","French Guiana","T1.4","LC",NA,NA,73267.578,"IUCN RLE 2.2","https://doi.org/10.1111/conl.12623","Ferrer-Paris et al. 2019"
"1.A.2.Ei.587 - Orinoquian Humid Forest","Brazil","T1.4","LC",NA,NA,73267.578,"IUCN RLE 2.2","https://doi.org/10.1111/conl.12623","Ferrer-Paris et al. 2019"
"1.A.2.Ei.587 - Orinoquian Humid Forest","Venezuela","T1.4","LC",NA,NA,73267.578,"IUCN RLE 2.2","https://doi.org/10.1111/conl.12623","Ferrer-Paris et al. 2019"
"1.A.2.Ei.587 - Orinoquian Humid Forest","Colombia","T1.4","LC",NA,NA,73267.578,"IUCN RLE 2.2","https://doi.org/10.1111/conl.12623","Ferrer-Paris et al. 2019"
"1.A.2.Ei.587 - Orinoquian Humid Forest","Trinidad and Tobago","T1.4","LC",NA,NA,73267.578,"IUCN RLE 2.2","https://doi.org/10.1111/conl.12623","Ferrer-Paris et al. 2019"
"1.A.2.Ej.588 - Western Amazon Lowland Humid Forest","Bolivia","T1.1,T1.4","VU",NA,"C2a",363329.8254,"IUCN RLE 2.2","https://doi.org/10.1111/conl.12623","Ferrer-Paris et al. 2019"
"1.A.2.Ej.588 - Western Amazon Lowland Humid Forest","Brazil","T1.1,T1.4","VU",NA,"C2a",363329.8254,"IUCN RLE 2.2","https://doi.org/10.1111/conl.12623","Ferrer-Paris et al. 2019"
"1.A.2.Ej.588 - Western Amazon Lowland Humid Forest","Peru","T1.1,T1.4","VU",NA,"C2a",363329.8254,"IUCN RLE 2.2","https://doi.org/10.1111/conl.12623","Ferrer-Paris et al. 2019"
"1.A.2.Ej.588 - Western Amazon Lowland Humid Forest","Ecuador","T1.1,T1.4","VU",NA,"C2a",363329.8254,"IUCN RLE 2.2","https://doi.org/10.1111/conl.12623","Ferrer-Paris et al. 2019"
"1.A.2.Ej.588 - Western Amazon Lowland Humid Forest","Colombia","T1.1,T1.4","VU",NA,"C2a",363329.8254,"IUCN RLE 2.2","https://doi.org/10.1111/conl.12623","Ferrer-Paris et al. 2019"
"1.A.2.Ej.589 - Western Amazon Subandean Humid Forest","Peru","T1.1","VU",NA,"A2b, D1",38411.6337,"IUCN RLE 2.2","https://doi.org/10.1111/conl.12623","Ferrer-Paris et al. 2019"
"1.A.2.Ej.589 - Western Amazon Subandean Humid Forest","Ecuador","T1.1","VU",NA,"A2b, D1",38411.6337,"IUCN RLE 2.2","https://doi.org/10.1111/conl.12623","Ferrer-Paris et al. 2019"
"1.A.2.Ej.589 - Western Amazon Subandean Humid Forest","Colombia","T1.1","VU",NA,"A2b, D1",38411.6337,"IUCN RLE 2.2","https://doi.org/10.1111/conl.12623","Ferrer-Paris et al. 2019"
"1.A.2.Ej.590 - Southwestern Amazon Lowland Humid Forest","Bolivia","T1.1","VU",NA,"C2a",920101.599,"IUCN RLE 2.2","https://doi.org/10.1111/conl.12623","Ferrer-Paris et al. 2019"
"1.A.2.Ej.590 - Southwestern Amazon Lowland Humid Forest","Brazil","T1.1","VU",NA,"C2a",920101.599,"IUCN RLE 2.2","https://doi.org/10.1111/conl.12623","Ferrer-Paris et al. 2019"
"1.A.2.Ej.590 - Southwestern Amazon Lowland Humid Forest","Peru","T1.1","VU",NA,"C2a",920101.599,"IUCN RLE 2.2","https://doi.org/10.1111/conl.12623","Ferrer-Paris et al. 2019"
"1.A.2.Ej.590 - Southwestern Amazon Lowland Humid Forest","Colombia","T1.1","VU",NA,"C2a",920101.599,"IUCN RLE 2.2","https://doi.org/10.1111/conl.12623","Ferrer-Paris et al. 2019"
"1.A.2.Ej.591 - Southwestern Amazon Subandean Humid Forest","Bolivia","T1.1","EN","VU -- EN","C2a",85102.5123,"IUCN RLE 2.2","https://doi.org/10.1111/conl.12623","Ferrer-Paris et al. 2019"
"1.A.2.Ej.591 - Southwestern Amazon Subandean Humid Forest","Peru","T1.1","EN","VU -- EN","C2a",85102.5123,"IUCN RLE 2.2","https://doi.org/10.1111/conl.12623","Ferrer-Paris et al. 2019"
"1.A.2.Ej.592 - Northern Amazon Humid Forest","Suriname","T1.1,T1.4","NT","LC -- NT","C2a",597605.9877,"IUCN RLE 2.2","https://doi.org/10.1111/conl.12623","Ferrer-Paris et al. 2019"
"1.A.2.Ej.592 - Northern Amazon Humid Forest","Guyana","T1.1,T1.4","NT","LC -- NT","C2a",597605.9877,"IUCN RLE 2.2","https://doi.org/10.1111/conl.12623","Ferrer-Paris et al. 2019"
"1.A.2.Ej.592 - Northern Amazon Humid Forest","French Guiana","T1.1,T1.4","NT","LC -- NT","C2a",597605.9877,"IUCN RLE 2.2","https://doi.org/10.1111/conl.12623","Ferrer-Paris et al. 2019"
"1.A.2.Ej.592 - Northern Amazon Humid Forest","Brazil","T1.1,T1.4","NT","LC -- NT","C2a",597605.9877,"IUCN RLE 2.2","https://doi.org/10.1111/conl.12623","Ferrer-Paris et al. 2019"
"1.A.2.Ej.592 - Northern Amazon Humid Forest","Peru","T1.1,T1.4","NT","LC -- NT","C2a",597605.9877,"IUCN RLE 2.2","https://doi.org/10.1111/conl.12623","Ferrer-Paris et al. 2019"
"1.A.2.Ej.592 - Northern Amazon Humid Forest","Venezuela","T1.1,T1.4","NT","LC -- NT","C2a",597605.9877,"IUCN RLE 2.2","https://doi.org/10.1111/conl.12623","Ferrer-Paris et al. 2019"
"1.A.2.Ej.592 - Northern Amazon Humid Forest","Colombia","T1.1,T1.4","NT","LC -- NT","C2a",597605.9877,"IUCN RLE 2.2","https://doi.org/10.1111/conl.12623","Ferrer-Paris et al. 2019"
"1.A.2.Ej.593 - Central Amazon Humid Forest","Bolivia","T1.1","VU",NA,"A2b",1017543.9024,"IUCN RLE 2.2","https://doi.org/10.1111/conl.12623","Ferrer-Paris et al. 2019"
"1.A.2.Ej.593 - Central Amazon Humid Forest","Brazil","T1.1","VU",NA,"A2b",1017543.9024,"IUCN RLE 2.2","https://doi.org/10.1111/conl.12623","Ferrer-Paris et al. 2019"
"1.A.2.Ej.593 - Central Amazon Humid Forest","Peru","T1.1","VU",NA,"A2b",1017543.9024,"IUCN RLE 2.2","https://doi.org/10.1111/conl.12623","Ferrer-Paris et al. 2019"
"1.A.2.Ej.593 - Central Amazon Humid Forest","Colombia","T1.1","VU",NA,"A2b",1017543.9024,"IUCN RLE 2.2","https://doi.org/10.1111/conl.12623","Ferrer-Paris et al. 2019"
"1.A.2.Ek.595 - Brazilian Atlantic Humid Forest","Brazil","T1.1","EN","VU -- EN","A3",54763.1118,"IUCN RLE 2.2","https://doi.org/10.1111/conl.12623","Ferrer-Paris et al. 2019"
"1.A.2.Ek.596 - Parana Humid Forest","Argentina","T1.1","CR","EN -- CR","A2b",34394.8113,"IUCN RLE 2.2","https://doi.org/10.1111/conl.12623","Ferrer-Paris et al. 2019"
"1.A.2.Ek.596 - Parana Humid Forest","Paraguay","T1.1","CR","EN -- CR","A2b",34394.8113,"IUCN RLE 2.2","https://doi.org/10.1111/conl.12623","Ferrer-Paris et al. 2019"
"1.A.2.Ek.596 - Parana Humid Forest","Brazil","T1.1","CR","EN -- CR","A2b",34394.8113,"IUCN RLE 2.2","https://doi.org/10.1111/conl.12623","Ferrer-Paris et al. 2019"
"1.A.2.Ek.597 - Cerrado Humid Forest","Paraguay","T1.1","EN",NA,"A2b",191431.4877,"IUCN RLE 2.2","https://doi.org/10.1111/conl.12623","Ferrer-Paris et al. 2019"
"1.A.2.Ek.597 - Cerrado Humid Forest","Bolivia","T1.1","EN",NA,"A2b",191431.4877,"IUCN RLE 2.2","https://doi.org/10.1111/conl.12623","Ferrer-Paris et al. 2019"
"1.A.2.Ek.597 - Cerrado Humid Forest","Brazil","T1.1","EN",NA,"A2b",191431.4877,"IUCN RLE 2.2","https://doi.org/10.1111/conl.12623","Ferrer-Paris et al. 2019"
"1.A.3.Eg.598 - Caribbean Montane Humid Forest","Trinidad and Tobago","T1.3","EN","VU -- CR","A1, A3",17887.4082,"IUCN RLE 2.2","https://doi.org/10.1111/conl.12623","Ferrer-Paris et al. 2019"
"1.A.3.Eg.598 - Caribbean Montane Humid Forest","Saint Vincent and the Grenadines","T1.3","EN","VU -- CR","A1, A3",17887.4082,"IUCN RLE 2.2","https://doi.org/10.1111/conl.12623","Ferrer-Paris et al. 2019"
"1.A.3.Eg.598 - Caribbean Montane Humid Forest","Saint Lucia","T1.3","EN","VU -- CR","A1, A3",17887.4082,"IUCN RLE 2.2","https://doi.org/10.1111/conl.12623","Ferrer-Paris et al. 2019"
"1.A.3.Eg.598 - Caribbean Montane Humid Forest","Saint Kitts and Nevis","T1.3","EN","VU -- CR","A1, A3",17887.4082,"IUCN RLE 2.2","https://doi.org/10.1111/conl.12623","Ferrer-Paris et al. 2019"
"1.A.3.Eg.598 - Caribbean Montane Humid Forest","Puerto Rico","T1.3","EN","VU -- CR","A1, A3",17887.4082,"IUCN RLE 2.2","https://doi.org/10.1111/conl.12623","Ferrer-Paris et al. 2019"
"1.A.3.Eg.598 - Caribbean Montane Humid Forest","Montserrat","T1.3","EN","VU -- CR","A1, A3",17887.4082,"IUCN RLE 2.2","https://doi.org/10.1111/conl.12623","Ferrer-Paris et al. 2019"
"1.A.3.Eg.598 - Caribbean Montane Humid Forest","Martinique","T1.3","EN","VU -- CR","A1, A3",17887.4082,"IUCN RLE 2.2","https://doi.org/10.1111/conl.12623","Ferrer-Paris et al. 2019"
"1.A.3.Eg.598 - Caribbean Montane Humid Forest","Jamaica","T1.3","EN","VU -- CR","A1, A3",17887.4082,"IUCN RLE 2.2","https://doi.org/10.1111/conl.12623","Ferrer-Paris et al. 2019"
"1.A.3.Eg.598 - Caribbean Montane Humid Forest","Haiti","T1.3","EN","VU -- CR","A1, A3",17887.4082,"IUCN RLE 2.2","https://doi.org/10.1111/conl.12623","Ferrer-Paris et al. 2019"
"1.A.3.Eg.598 - Caribbean Montane Humid Forest","Guadeloupe","T1.3","EN","VU -- CR","A1, A3",17887.4082,"IUCN RLE 2.2","https://doi.org/10.1111/conl.12623","Ferrer-Paris et al. 2019"
"1.A.3.Eg.598 - Caribbean Montane Humid Forest","Grenada","T1.3","EN","VU -- CR","A1, A3",17887.4082,"IUCN RLE 2.2","https://doi.org/10.1111/conl.12623","Ferrer-Paris et al. 2019"
"1.A.3.Eg.598 - Caribbean Montane Humid Forest","Dominican Republic","T1.3","EN","VU -- CR","A1, A3",17887.4082,"IUCN RLE 2.2","https://doi.org/10.1111/conl.12623","Ferrer-Paris et al. 2019"
"1.A.3.Eg.598 - Caribbean Montane Humid Forest","Dominica","T1.3","EN","VU -- CR","A1, A3",17887.4082,"IUCN RLE 2.2","https://doi.org/10.1111/conl.12623","Ferrer-Paris et al. 2019"
"1.A.3.Eg.598 - Caribbean Montane Humid Forest","Cuba","T1.3","EN","VU -- CR","A1, A3",17887.4082,"IUCN RLE 2.2","https://doi.org/10.1111/conl.12623","Ferrer-Paris et al. 2019"
"1.A.3.Eg.598 - Caribbean Montane Humid Forest","Bonaire, Saint Eustatius and Saba","T1.3","EN","VU -- CR","A1, A3",17887.4082,"IUCN RLE 2.2","https://doi.org/10.1111/conl.12623","Ferrer-Paris et al. 2019"
"1.A.3.Eg.600 - Mesoamerican Montane Humid Forest","Belize","T1.3","NE",NA,NA,45901.3554,"IUCN RLE 2.2","https://doi.org/10.1111/conl.12623","Ferrer-Paris et al. 2019"
"1.A.3.Eg.600 - Mesoamerican Montane Humid Forest","El Salvador","T1.3","NE",NA,NA,45901.3554,"IUCN RLE 2.2","https://doi.org/10.1111/conl.12623","Ferrer-Paris et al. 2019"
"1.A.3.Eg.600 - Mesoamerican Montane Humid Forest","Guatemala","T1.3","NE",NA,NA,45901.3554,"IUCN RLE 2.2","https://doi.org/10.1111/conl.12623","Ferrer-Paris et al. 2019"
"1.A.3.Eg.600 - Mesoamerican Montane Humid Forest","Honduras","T1.3","NE",NA,NA,45901.3554,"IUCN RLE 2.2","https://doi.org/10.1111/conl.12623","Ferrer-Paris et al. 2019"
"1.A.3.Eg.600 - Mesoamerican Montane Humid Forest","Mexico","T1.3","NE",NA,NA,45901.3554,"IUCN RLE 2.2","https://doi.org/10.1111/conl.12623","Ferrer-Paris et al. 2019"
"1.A.3.Eg.600 - Mesoamerican Montane Humid Forest","Nicaragua","T1.3","NE",NA,NA,45901.3554,"IUCN RLE 2.2","https://doi.org/10.1111/conl.12623","Ferrer-Paris et al. 2019"
"1.A.3.Eg.601 - Mesoamerican Pine-Oak Forest","Nicaragua","T1.3","EN",NA,"A2b",79117.6734,"IUCN RLE 2.2","https://doi.org/10.1111/conl.12623","Ferrer-Paris et al. 2019"
"1.A.3.Eg.601 - Mesoamerican Pine-Oak Forest","Mexico","T1.3","EN",NA,"A2b",79117.6734,"IUCN RLE 2.2","https://doi.org/10.1111/conl.12623","Ferrer-Paris et al. 2019"
"1.A.3.Eg.601 - Mesoamerican Pine-Oak Forest","Honduras","T1.3","EN",NA,"A2b",79117.6734,"IUCN RLE 2.2","https://doi.org/10.1111/conl.12623","Ferrer-Paris et al. 2019"
"1.A.3.Eg.601 - Mesoamerican Pine-Oak Forest","Guatemala","T1.3","EN",NA,"A2b",79117.6734,"IUCN RLE 2.2","https://doi.org/10.1111/conl.12623","Ferrer-Paris et al. 2019"
"1.A.3.Eg.601 - Mesoamerican Pine-Oak Forest","El Salvador","T1.3","EN",NA,"A2b",79117.6734,"IUCN RLE 2.2","https://doi.org/10.1111/conl.12623","Ferrer-Paris et al. 2019"
"1.A.3.Eg.601 - Mesoamerican Pine-Oak Forest","Belize","T1.3","EN",NA,"A2b",79117.6734,"IUCN RLE 2.2","https://doi.org/10.1111/conl.12623","Ferrer-Paris et al. 2019"
"1.A.3.Eg.602 - Southern Mesoamerican Montane Humid Forest","Colombia","T1.3","VU",NA,"D1, D3",15936.9687,"IUCN RLE 2.2","https://doi.org/10.1111/conl.12623","Ferrer-Paris et al. 2019"
"1.A.3.Eg.602 - Southern Mesoamerican Montane Humid Forest","Panama","T1.3","VU",NA,"D1, D3",15936.9687,"IUCN RLE 2.2","https://doi.org/10.1111/conl.12623","Ferrer-Paris et al. 2019"
"1.A.3.Eg.602 - Southern Mesoamerican Montane Humid Forest","Nicaragua","T1.3","VU",NA,"D1, D3",15936.9687,"IUCN RLE 2.2","https://doi.org/10.1111/conl.12623","Ferrer-Paris et al. 2019"
"1.A.3.Eg.602 - Southern Mesoamerican Montane Humid Forest","Costa Rica","T1.3","VU",NA,"D1, D3",15936.9687,"IUCN RLE 2.2","https://doi.org/10.1111/conl.12623","Ferrer-Paris et al. 2019"
"1.A.3.Eh.603 - Central Guianan Montane Humid Forest","Suriname","T1.3","EN","VU -- EN","C2a",143636.0526,"IUCN RLE 2.2","https://doi.org/10.1111/conl.12623","Ferrer-Paris et al. 2019"
"1.A.3.Eh.603 - Central Guianan Montane Humid Forest","Guyana","T1.3","EN","VU -- EN","C2a",143636.0526,"IUCN RLE 2.2","https://doi.org/10.1111/conl.12623","Ferrer-Paris et al. 2019"
"1.A.3.Eh.603 - Central Guianan Montane Humid Forest","French Guiana","T1.3","EN","VU -- EN","C2a",143636.0526,"IUCN RLE 2.2","https://doi.org/10.1111/conl.12623","Ferrer-Paris et al. 2019"
"1.A.3.Eh.603 - Central Guianan Montane Humid Forest","Brazil","T1.3","EN","VU -- EN","C2a",143636.0526,"IUCN RLE 2.2","https://doi.org/10.1111/conl.12623","Ferrer-Paris et al. 2019"
"1.A.3.Eh.603 - Central Guianan Montane Humid Forest","Venezuela","T1.3","EN","VU -- EN","C2a",143636.0526,"IUCN RLE 2.2","https://doi.org/10.1111/conl.12623","Ferrer-Paris et al. 2019"
"1.A.3.Eh.604 - Eastern Guianan Montane Humid Forest","Suriname","T1.3","LC",NA,NA,39076.6275,"IUCN RLE 2.2","https://doi.org/10.1111/conl.12623","Ferrer-Paris et al. 2019"
"1.A.3.Eh.604 - Eastern Guianan Montane Humid Forest","Guyana","T1.3","LC",NA,NA,39076.6275,"IUCN RLE 2.2","https://doi.org/10.1111/conl.12623","Ferrer-Paris et al. 2019"
"1.A.3.Eh.604 - Eastern Guianan Montane Humid Forest","French Guiana","T1.3","LC",NA,NA,39076.6275,"IUCN RLE 2.2","https://doi.org/10.1111/conl.12623","Ferrer-Paris et al. 2019"
"1.A.3.Eh.604 - Eastern Guianan Montane Humid Forest","Brazil","T1.3","LC",NA,NA,39076.6275,"IUCN RLE 2.2","https://doi.org/10.1111/conl.12623","Ferrer-Paris et al. 2019"
"1.A.3.Eh.604 - Eastern Guianan Montane Humid Forest","Venezuela","T1.3","LC",NA,NA,39076.6275,"IUCN RLE 2.2","https://doi.org/10.1111/conl.12623","Ferrer-Paris et al. 2019"
"1.A.3.Ej.606 - Northern Andean Montane & Upper Montane Humid Forest","Peru","T1.3","CR","EN -- CR","A3",88950.8223,"IUCN RLE 2.2","https://doi.org/10.1111/conl.12623","Ferrer-Paris et al. 2019"
"1.A.3.Ej.606 - Northern Andean Montane & Upper Montane Humid Forest","Ecuador","T1.3","CR","EN -- CR","A3",88950.8223,"IUCN RLE 2.2","https://doi.org/10.1111/conl.12623","Ferrer-Paris et al. 2019"
"1.A.3.Ej.606 - Northern Andean Montane & Upper Montane Humid Forest","Venezuela","T1.3","CR","EN -- CR","A3",88950.8223,"IUCN RLE 2.2","https://doi.org/10.1111/conl.12623","Ferrer-Paris et al. 2019"
"1.A.3.Ej.606 - Northern Andean Montane & Upper Montane Humid Forest","Colombia","T1.3","CR","EN -- CR","A3",88950.8223,"IUCN RLE 2.2","https://doi.org/10.1111/conl.12623","Ferrer-Paris et al. 2019"
"1.A.3.Ej.607 - Northern Andean Lower Montane Humid Forest","Peru","T1.3","EN",NA,"A3",89516.2266,"IUCN RLE 2.2","https://doi.org/10.1111/conl.12623","Ferrer-Paris et al. 2019"
"1.A.3.Ej.607 - Northern Andean Lower Montane Humid Forest","Ecuador","T1.3","EN",NA,"A3",89516.2266,"IUCN RLE 2.2","https://doi.org/10.1111/conl.12623","Ferrer-Paris et al. 2019"
"1.A.3.Ej.607 - Northern Andean Lower Montane Humid Forest","Venezuela","T1.3","EN",NA,"A3",89516.2266,"IUCN RLE 2.2","https://doi.org/10.1111/conl.12623","Ferrer-Paris et al. 2019"
"1.A.3.Ej.607 - Northern Andean Lower Montane Humid Forest","Colombia","T1.3","EN",NA,"A3",89516.2266,"IUCN RLE 2.2","https://doi.org/10.1111/conl.12623","Ferrer-Paris et al. 2019"
"1.A.3.Ej.607 - Northern Andean Lower Montane Humid Forest","Panama","T1.3","EN",NA,"A3",89516.2266,"IUCN RLE 2.2","https://doi.org/10.1111/conl.12623","Ferrer-Paris et al. 2019"
"1.A.3.Ej.609 - Northern Andes Venezuelan Coastal Ridge Forest","Venezuela","T1.3","LC","LC -- VU",NA,4285.71,"IUCN RLE 2.2","https://doi.org/10.1111/conl.12623","Ferrer-Paris et al. 2019"
"1.A.3.Ej.610 - Central Andean (Yungas) Montane & Upper Montane Humid Forest","Chile","T1.3","EN","VU -- EN","A3",64619.4267,"IUCN RLE 2.2","https://doi.org/10.1111/conl.12623","Ferrer-Paris et al. 2019"
"1.A.3.Ej.610 - Central Andean (Yungas) Montane & Upper Montane Humid Forest","Argentina","T1.3","EN","VU -- EN","A3",64619.4267,"IUCN RLE 2.2","https://doi.org/10.1111/conl.12623","Ferrer-Paris et al. 2019"
"1.A.3.Ej.610 - Central Andean (Yungas) Montane & Upper Montane Humid Forest","Bolivia","T1.3","EN","VU -- EN","A3",64619.4267,"IUCN RLE 2.2","https://doi.org/10.1111/conl.12623","Ferrer-Paris et al. 2019"
"1.A.3.Ej.610 - Central Andean (Yungas) Montane & Upper Montane Humid Forest","Peru","T1.3","EN","VU -- EN","A3",64619.4267,"IUCN RLE 2.2","https://doi.org/10.1111/conl.12623","Ferrer-Paris et al. 2019"
"1.A.3.Ej.610 - Central Andean (Yungas) Montane & Upper Montane Humid Forest","Ecuador","T1.3","EN","VU -- EN","A3",64619.4267,"IUCN RLE 2.2","https://doi.org/10.1111/conl.12623","Ferrer-Paris et al. 2019"
"1.A.3.Ej.611 - Central Andean (Yungas) Lower Montane Humid Forest","Argentina","T1.3","NT","LC -- VU","A2b",31304.1024,"IUCN RLE 2.2","https://doi.org/10.1111/conl.12623","Ferrer-Paris et al. 2019"
"1.A.3.Ej.611 - Central Andean (Yungas) Lower Montane Humid Forest","Bolivia","T1.3","NT","LC -- VU","A2b",31304.1024,"IUCN RLE 2.2","https://doi.org/10.1111/conl.12623","Ferrer-Paris et al. 2019"
"1.A.3.Ej.611 - Central Andean (Yungas) Lower Montane Humid Forest","Peru","T1.3","NT","LC -- VU","A2b",31304.1024,"IUCN RLE 2.2","https://doi.org/10.1111/conl.12623","Ferrer-Paris et al. 2019"
"1.A.3.Ej.612 - Bolivian-Tucuman Montane & Upper Montane Humid Forest","Argentina","T1.3","NT","LC -- NT","A3",16752.0069,"IUCN RLE 2.2","https://doi.org/10.1111/conl.12623","Ferrer-Paris et al. 2019"
"1.A.3.Ej.612 - Bolivian-Tucuman Montane & Upper Montane Humid Forest","Bolivia","T1.3","NT","LC -- NT","A3",16752.0069,"IUCN RLE 2.2","https://doi.org/10.1111/conl.12623","Ferrer-Paris et al. 2019"
"1.A.3.Ej.612 - Bolivian-Tucuman Montane & Upper Montane Humid Forest","Peru","T1.3","NT","LC -- NT","A3",16752.0069,"IUCN RLE 2.2","https://doi.org/10.1111/conl.12623","Ferrer-Paris et al. 2019"
"1.A.3.Ej.613 - Bolivian-Tucuman Lower Montane Humid Forest","Argentina","T1.3","NT","NT -- VU","A2b",14543.1288,"IUCN RLE 2.2","https://doi.org/10.1111/conl.12623","Ferrer-Paris et al. 2019"
"1.A.3.Ej.613 - Bolivian-Tucuman Lower Montane Humid Forest","Bolivia","T1.3","NT","NT -- VU","A2b",14543.1288,"IUCN RLE 2.2","https://doi.org/10.1111/conl.12623","Ferrer-Paris et al. 2019"
"1.A.3.Ej.613 - Bolivian-Tucuman Lower Montane Humid Forest","Peru","T1.3","NT","NT -- VU","A2b",14543.1288,"IUCN RLE 2.2","https://doi.org/10.1111/conl.12623","Ferrer-Paris et al. 2019"
"1.A.3.Ej.614 - Moist Puna Humid Forest","Peru","T1.3","NE",NA,NA,23330.5029,"IUCN RLE 2.2","https://doi.org/10.1111/conl.12623","Ferrer-Paris et al. 2019"
"1.A.3.Ej.614 - Moist Puna Humid Forest","Bolivia","T1.3","NE",NA,NA,23330.5029,"IUCN RLE 2.2","https://doi.org/10.1111/conl.12623","Ferrer-Paris et al. 2019"
"1.A.3.Ej.614 - Moist Puna Humid Forest","Argentina","T1.3","NE",NA,NA,23330.5029,"IUCN RLE 2.2","https://doi.org/10.1111/conl.12623","Ferrer-Paris et al. 2019"
"1.A.3.Ej.614 - Moist Puna Humid Forest","Chile","T1.3","NE",NA,NA,23330.5029,"IUCN RLE 2.2","https://doi.org/10.1111/conl.12623","Ferrer-Paris et al. 2019"
"1.A.3.Ej.615 - Eastern Subandean Ridge Montane Humid Forest","Peru","T1.3","VU","VU -- EN","A1, A3, D1, D3",11944.3977,"IUCN RLE 2.2","https://doi.org/10.1111/conl.12623","Ferrer-Paris et al. 2019"
"1.A.3.Ej.615 - Eastern Subandean Ridge Montane Humid Forest","Ecuador","T1.3","VU","VU -- EN","A1, A3, D1, D3",11944.3977,"IUCN RLE 2.2","https://doi.org/10.1111/conl.12623","Ferrer-Paris et al. 2019"
"1.A.3.Ej.615 - Eastern Subandean Ridge Montane Humid Forest","Colombia","T1.3","VU","VU -- EN","A1, A3, D1, D3",11944.3977,"IUCN RLE 2.2","https://doi.org/10.1111/conl.12623","Ferrer-Paris et al. 2019"
"1.A.3.Ek.616 - Brazilian Atlantic Montane Humid Forest","Argentina","T1.3","EN","VU -- EN","A1, A3",127418.5809,"IUCN RLE 2.2","https://doi.org/10.1111/conl.12623","Ferrer-Paris et al. 2019"
"1.A.3.Ek.616 - Brazilian Atlantic Montane Humid Forest","Paraguay","T1.3","EN","VU -- EN","A1, A3",127418.5809,"IUCN RLE 2.2","https://doi.org/10.1111/conl.12623","Ferrer-Paris et al. 2019"
"1.A.3.Ek.616 - Brazilian Atlantic Montane Humid Forest","Brazil","T1.3","EN","VU -- EN","A1, A3",127418.5809,"IUCN RLE 2.2","https://doi.org/10.1111/conl.12623","Ferrer-Paris et al. 2019"
"1.A.4.Ed.617 - Caribbean Swamp","Virgin Islands","TF1.1","EN","EN -- CR","A1, A3, D2b",3734.1162,"IUCN RLE 2.2","https://doi.org/10.1111/conl.12623","Ferrer-Paris et al. 2019"
"1.A.4.Ed.617 - Caribbean Swamp","United States","TF1.1","EN","EN -- CR","A1, A3, D2b",3734.1162,"IUCN RLE 2.2","https://doi.org/10.1111/conl.12623","Ferrer-Paris et al. 2019"
"1.A.4.Ed.617 - Caribbean Swamp","Turks and Caicas Islands","TF1.1","EN","EN -- CR","A1, A3, D2b",3734.1162,"IUCN RLE 2.2","https://doi.org/10.1111/conl.12623","Ferrer-Paris et al. 2019"
"1.A.4.Ed.617 - Caribbean Swamp","Trinidad and Tobago","TF1.1","EN","EN -- CR","A1, A3, D2b",3734.1162,"IUCN RLE 2.2","https://doi.org/10.1111/conl.12623","Ferrer-Paris et al. 2019"
"1.A.4.Ed.617 - Caribbean Swamp","Saint Martin","TF1.1","EN","EN -- CR","A1, A3, D2b",3734.1162,"IUCN RLE 2.2","https://doi.org/10.1111/conl.12623","Ferrer-Paris et al. 2019"
"1.A.4.Ed.617 - Caribbean Swamp","Saint Lucia","TF1.1","EN","EN -- CR","A1, A3, D2b",3734.1162,"IUCN RLE 2.2","https://doi.org/10.1111/conl.12623","Ferrer-Paris et al. 2019"
"1.A.4.Ed.617 - Caribbean Swamp","Puerto Rico","TF1.1","EN","EN -- CR","A1, A3, D2b",3734.1162,"IUCN RLE 2.2","https://doi.org/10.1111/conl.12623","Ferrer-Paris et al. 2019"
"1.A.4.Ed.617 - Caribbean Swamp","Martinique","TF1.1","EN","EN -- CR","A1, A3, D2b",3734.1162,"IUCN RLE 2.2","https://doi.org/10.1111/conl.12623","Ferrer-Paris et al. 2019"
"1.A.4.Ed.617 - Caribbean Swamp","Jamaica","TF1.1","EN","EN -- CR","A1, A3, D2b",3734.1162,"IUCN RLE 2.2","https://doi.org/10.1111/conl.12623","Ferrer-Paris et al. 2019"
"1.A.4.Ed.617 - Caribbean Swamp","Haiti","TF1.1","EN","EN -- CR","A1, A3, D2b",3734.1162,"IUCN RLE 2.2","https://doi.org/10.1111/conl.12623","Ferrer-Paris et al. 2019"
"1.A.4.Ed.617 - Caribbean Swamp","Guadeloupe","TF1.1","EN","EN -- CR","A1, A3, D2b",3734.1162,"IUCN RLE 2.2","https://doi.org/10.1111/conl.12623","Ferrer-Paris et al. 2019"
"1.A.4.Ed.617 - Caribbean Swamp","Dominican Republic","TF1.1","EN","EN -- CR","A1, A3, D2b",3734.1162,"IUCN RLE 2.2","https://doi.org/10.1111/conl.12623","Ferrer-Paris et al. 2019"
"1.A.4.Ed.617 - Caribbean Swamp","Cuba","TF1.1","EN","EN -- CR","A1, A3, D2b",3734.1162,"IUCN RLE 2.2","https://doi.org/10.1111/conl.12623","Ferrer-Paris et al. 2019"
"1.A.4.Ed.617 - Caribbean Swamp","British Virgin Islands","TF1.1","EN","EN -- CR","A1, A3, D2b",3734.1162,"IUCN RLE 2.2","https://doi.org/10.1111/conl.12623","Ferrer-Paris et al. 2019"
"1.A.4.Ed.617 - Caribbean Swamp","Barbados","TF1.1","EN","EN -- CR","A1, A3, D2b",3734.1162,"IUCN RLE 2.2","https://doi.org/10.1111/conl.12623","Ferrer-Paris et al. 2019"
"1.A.4.Ed.617 - Caribbean Swamp","Bahamas","TF1.1","EN","EN -- CR","A1, A3, D2b",3734.1162,"IUCN RLE 2.2","https://doi.org/10.1111/conl.12623","Ferrer-Paris et al. 2019"
"1.A.4.Ed.617 - Caribbean Swamp","Antigua and Barbuda","TF1.1","EN","EN -- CR","A1, A3, D2b",3734.1162,"IUCN RLE 2.2","https://doi.org/10.1111/conl.12623","Ferrer-Paris et al. 2019"
"1.A.4.Ed.618 - Caribbean Floodplain Forest","Antigua and Barbuda","TF1.1","NE",NA,NA,8569.9863,"IUCN RLE 2.2","https://doi.org/10.1111/conl.12623","Ferrer-Paris et al. 2019"
"1.A.4.Ed.618 - Caribbean Floodplain Forest","Bahamas","TF1.1","NE",NA,NA,8569.9863,"IUCN RLE 2.2","https://doi.org/10.1111/conl.12623","Ferrer-Paris et al. 2019"
"1.A.4.Ed.618 - Caribbean Floodplain Forest","Barbados","TF1.1","NE",NA,NA,8569.9863,"IUCN RLE 2.2","https://doi.org/10.1111/conl.12623","Ferrer-Paris et al. 2019"
"1.A.4.Ed.618 - Caribbean Floodplain Forest","Cuba","TF1.1","NE",NA,NA,8569.9863,"IUCN RLE 2.2","https://doi.org/10.1111/conl.12623","Ferrer-Paris et al. 2019"
"1.A.4.Ed.618 - Caribbean Floodplain Forest","Dominica","TF1.1","NE",NA,NA,8569.9863,"IUCN RLE 2.2","https://doi.org/10.1111/conl.12623","Ferrer-Paris et al. 2019"
"1.A.4.Ed.618 - Caribbean Floodplain Forest","Dominican Republic","TF1.1","NE",NA,NA,8569.9863,"IUCN RLE 2.2","https://doi.org/10.1111/conl.12623","Ferrer-Paris et al. 2019"
"1.A.4.Ed.618 - Caribbean Floodplain Forest","Grenada","TF1.1","NE",NA,NA,8569.9863,"IUCN RLE 2.2","https://doi.org/10.1111/conl.12623","Ferrer-Paris et al. 2019"
"1.A.4.Ed.618 - Caribbean Floodplain Forest","Guadeloupe","TF1.1","NE",NA,NA,8569.9863,"IUCN RLE 2.2","https://doi.org/10.1111/conl.12623","Ferrer-Paris et al. 2019"
"1.A.4.Ed.618 - Caribbean Floodplain Forest","Haiti","TF1.1","NE",NA,NA,8569.9863,"IUCN RLE 2.2","https://doi.org/10.1111/conl.12623","Ferrer-Paris et al. 2019"
"1.A.4.Ed.618 - Caribbean Floodplain Forest","Jamaica","TF1.1","NE",NA,NA,8569.9863,"IUCN RLE 2.2","https://doi.org/10.1111/conl.12623","Ferrer-Paris et al. 2019"
"1.A.4.Ed.618 - Caribbean Floodplain Forest","Martinique","TF1.1","NE",NA,NA,8569.9863,"IUCN RLE 2.2","https://doi.org/10.1111/conl.12623","Ferrer-Paris et al. 2019"
"1.A.4.Ed.618 - Caribbean Floodplain Forest","Puerto Rico","TF1.1","NE",NA,NA,8569.9863,"IUCN RLE 2.2","https://doi.org/10.1111/conl.12623","Ferrer-Paris et al. 2019"
"1.A.4.Ed.618 - Caribbean Floodplain Forest","Saint Lucia","TF1.1","NE",NA,NA,8569.9863,"IUCN RLE 2.2","https://doi.org/10.1111/conl.12623","Ferrer-Paris et al. 2019"
"1.A.4.Ed.618 - Caribbean Floodplain Forest","Saint Vincent and the Grenadines","TF1.1","NE",NA,NA,8569.9863,"IUCN RLE 2.2","https://doi.org/10.1111/conl.12623","Ferrer-Paris et al. 2019"
"1.A.4.Ed.618 - Caribbean Floodplain Forest","Trinidad and Tobago","TF1.1","NE",NA,NA,8569.9863,"IUCN RLE 2.2","https://doi.org/10.1111/conl.12623","Ferrer-Paris et al. 2019"
"1.A.4.Ed.618 - Caribbean Floodplain Forest","Turks and Caicas Islands","TF1.1","NE",NA,NA,8569.9863,"IUCN RLE 2.2","https://doi.org/10.1111/conl.12623","Ferrer-Paris et al. 2019"
"1.A.4.Ed.618 - Caribbean Floodplain Forest","United States","TF1.1","NE",NA,NA,8569.9863,"IUCN RLE 2.2","https://doi.org/10.1111/conl.12623","Ferrer-Paris et al. 2019"
"1.A.4.Ed.618 - Caribbean Floodplain Forest","Virgin Islands","TF1.1","NE",NA,NA,8569.9863,"IUCN RLE 2.2","https://doi.org/10.1111/conl.12623","Ferrer-Paris et al. 2019"
"1.A.4.Ed.618 - Caribbean Floodplain Forest","Belize","TF1.1","NE",NA,NA,8569.9863,"IUCN RLE 2.2","https://doi.org/10.1111/conl.12623","Ferrer-Paris et al. 2019"
"1.A.4.Ed.618 - Caribbean Floodplain Forest","Costa Rica","TF1.1","NE",NA,NA,8569.9863,"IUCN RLE 2.2","https://doi.org/10.1111/conl.12623","Ferrer-Paris et al. 2019"
"1.A.4.Ed.618 - Caribbean Floodplain Forest","Guatemala","TF1.1","NE",NA,NA,8569.9863,"IUCN RLE 2.2","https://doi.org/10.1111/conl.12623","Ferrer-Paris et al. 2019"
"1.A.4.Ed.618 - Caribbean Floodplain Forest","Honduras","TF1.1","NE",NA,NA,8569.9863,"IUCN RLE 2.2","https://doi.org/10.1111/conl.12623","Ferrer-Paris et al. 2019"
"1.A.4.Ed.618 - Caribbean Floodplain Forest","Mexico","TF1.1","NE",NA,NA,8569.9863,"IUCN RLE 2.2","https://doi.org/10.1111/conl.12623","Ferrer-Paris et al. 2019"
"1.A.4.Ed.618 - Caribbean Floodplain Forest","Nicaragua","TF1.1","NE",NA,NA,8569.9863,"IUCN RLE 2.2","https://doi.org/10.1111/conl.12623","Ferrer-Paris et al. 2019"
"1.A.4.Ed.618 - Caribbean Floodplain Forest","Panama","TF1.1","NE",NA,NA,8569.9863,"IUCN RLE 2.2","https://doi.org/10.1111/conl.12623","Ferrer-Paris et al. 2019"
"1.A.4.Ed.619 - Mesoamerican Coastal Plain Swamp","Ecuador","TF1.1","VU",NA,"C2b, D1",27424.17,"IUCN RLE 2.2","https://doi.org/10.1111/conl.12623","Ferrer-Paris et al. 2019"
"1.A.4.Ed.619 - Mesoamerican Coastal Plain Swamp","Colombia","TF1.1","VU",NA,"C2b, D1",27424.17,"IUCN RLE 2.2","https://doi.org/10.1111/conl.12623","Ferrer-Paris et al. 2019"
"1.A.4.Ed.619 - Mesoamerican Coastal Plain Swamp","Panama","TF1.1","VU",NA,"C2b, D1",27424.17,"IUCN RLE 2.2","https://doi.org/10.1111/conl.12623","Ferrer-Paris et al. 2019"
"1.A.4.Ed.619 - Mesoamerican Coastal Plain Swamp","Nicaragua","TF1.1","VU",NA,"C2b, D1",27424.17,"IUCN RLE 2.2","https://doi.org/10.1111/conl.12623","Ferrer-Paris et al. 2019"
"1.A.4.Ed.619 - Mesoamerican Coastal Plain Swamp","Mexico","TF1.1","VU",NA,"C2b, D1",27424.17,"IUCN RLE 2.2","https://doi.org/10.1111/conl.12623","Ferrer-Paris et al. 2019"
"1.A.4.Ed.619 - Mesoamerican Coastal Plain Swamp","Honduras","TF1.1","VU",NA,"C2b, D1",27424.17,"IUCN RLE 2.2","https://doi.org/10.1111/conl.12623","Ferrer-Paris et al. 2019"
"1.A.4.Ed.619 - Mesoamerican Coastal Plain Swamp","Guatemala","TF1.1","VU",NA,"C2b, D1",27424.17,"IUCN RLE 2.2","https://doi.org/10.1111/conl.12623","Ferrer-Paris et al. 2019"
"1.A.4.Ed.619 - Mesoamerican Coastal Plain Swamp","El Salvador","TF1.1","VU",NA,"C2b, D1",27424.17,"IUCN RLE 2.2","https://doi.org/10.1111/conl.12623","Ferrer-Paris et al. 2019"
"1.A.4.Ed.619 - Mesoamerican Coastal Plain Swamp","Costa Rica","TF1.1","VU",NA,"C2b, D1",27424.17,"IUCN RLE 2.2","https://doi.org/10.1111/conl.12623","Ferrer-Paris et al. 2019"
"1.A.4.Ed.619 - Mesoamerican Coastal Plain Swamp","Belize","TF1.1","VU",NA,"C2b, D1",27424.17,"IUCN RLE 2.2","https://doi.org/10.1111/conl.12623","Ferrer-Paris et al. 2019"
"1.A.4.Ed.619 - Mesoamerican Coastal Plain Swamp","United States","TF1.1","VU",NA,"C2b, D1",27424.17,"IUCN RLE 2.2","https://doi.org/10.1111/conl.12623","Ferrer-Paris et al. 2019"
"1.A.4.Ed.619 - Mesoamerican Coastal Plain Swamp","Trinidad and Tobago","TF1.1","VU",NA,"C2b, D1",27424.17,"IUCN RLE 2.2","https://doi.org/10.1111/conl.12623","Ferrer-Paris et al. 2019"
"1.A.4.Ed.619 - Mesoamerican Coastal Plain Swamp","Jamaica","TF1.1","VU",NA,"C2b, D1",27424.17,"IUCN RLE 2.2","https://doi.org/10.1111/conl.12623","Ferrer-Paris et al. 2019"
"1.A.4.Ed.620 - Mesoamerican Floodplain Forest","Colombia","TF1.1","NT",NA,"C2b, D2b",52662.6117,"IUCN RLE 2.2","https://doi.org/10.1111/conl.12623","Ferrer-Paris et al. 2019"
"1.A.4.Ed.620 - Mesoamerican Floodplain Forest","Panama","TF1.1","NT",NA,"C2b, D2b",52662.6117,"IUCN RLE 2.2","https://doi.org/10.1111/conl.12623","Ferrer-Paris et al. 2019"
"1.A.4.Ed.620 - Mesoamerican Floodplain Forest","Nicaragua","TF1.1","NT",NA,"C2b, D2b",52662.6117,"IUCN RLE 2.2","https://doi.org/10.1111/conl.12623","Ferrer-Paris et al. 2019"
"1.A.4.Ed.620 - Mesoamerican Floodplain Forest","Mexico","TF1.1","NT",NA,"C2b, D2b",52662.6117,"IUCN RLE 2.2","https://doi.org/10.1111/conl.12623","Ferrer-Paris et al. 2019"
"1.A.4.Ed.620 - Mesoamerican Floodplain Forest","Honduras","TF1.1","NT",NA,"C2b, D2b",52662.6117,"IUCN RLE 2.2","https://doi.org/10.1111/conl.12623","Ferrer-Paris et al. 2019"
"1.A.4.Ed.620 - Mesoamerican Floodplain Forest","Guatemala","TF1.1","NT",NA,"C2b, D2b",52662.6117,"IUCN RLE 2.2","https://doi.org/10.1111/conl.12623","Ferrer-Paris et al. 2019"
"1.A.4.Ed.620 - Mesoamerican Floodplain Forest","El Salvador","TF1.1","NT",NA,"C2b, D2b",52662.6117,"IUCN RLE 2.2","https://doi.org/10.1111/conl.12623","Ferrer-Paris et al. 2019"
"1.A.4.Ed.620 - Mesoamerican Floodplain Forest","Costa Rica","TF1.1","NT",NA,"C2b, D2b",52662.6117,"IUCN RLE 2.2","https://doi.org/10.1111/conl.12623","Ferrer-Paris et al. 2019"
"1.A.4.Ed.620 - Mesoamerican Floodplain Forest","Belize","TF1.1","NT",NA,"C2b, D2b",52662.6117,"IUCN RLE 2.2","https://doi.org/10.1111/conl.12623","Ferrer-Paris et al. 2019"
"1.A.4.Ei.621 - Guajiran Flooded Forest","Guyana","TF1.1","EN",NA,"A3",17247.7188,"IUCN RLE 2.2","https://doi.org/10.1111/conl.12623","Ferrer-Paris et al. 2019"
"1.A.4.Ei.621 - Guajiran Flooded Forest","Venezuela","TF1.1","EN",NA,"A3",17247.7188,"IUCN RLE 2.2","https://doi.org/10.1111/conl.12623","Ferrer-Paris et al. 2019"
"1.A.4.Ei.621 - Guajiran Flooded Forest","Colombia","TF1.1","EN",NA,"A3",17247.7188,"IUCN RLE 2.2","https://doi.org/10.1111/conl.12623","Ferrer-Paris et al. 2019"
"1.A.4.Ei.622 - Choco-Darien Floodplain Forest","Peru","TF1.1","VU",NA,"A3, D1",4159.9737,"IUCN RLE 2.2","https://doi.org/10.1111/conl.12623","Ferrer-Paris et al. 2019"
"1.A.4.Ei.622 - Choco-Darien Floodplain Forest","Ecuador","TF1.1","VU",NA,"A3, D1",4159.9737,"IUCN RLE 2.2","https://doi.org/10.1111/conl.12623","Ferrer-Paris et al. 2019"
"1.A.4.Ei.622 - Choco-Darien Floodplain Forest","Colombia","TF1.1","VU",NA,"A3, D1",4159.9737,"IUCN RLE 2.2","https://doi.org/10.1111/conl.12623","Ferrer-Paris et al. 2019"
"1.A.4.Ei.622 - Choco-Darien Floodplain Forest","Panama","TF1.1","VU",NA,"A3, D1",4159.9737,"IUCN RLE 2.2","https://doi.org/10.1111/conl.12623","Ferrer-Paris et al. 2019"
"1.A.4.Ei.624 - Llanos Flooded & Swamp Forest","Venezuela","TF1.1","EN","VU -- CR","A1, A3",29101.7691,"IUCN RLE 2.2","https://doi.org/10.1111/conl.12623","Ferrer-Paris et al. 2019"
"1.A.4.Ei.624 - Llanos Flooded & Swamp Forest","Colombia","TF1.1","EN","VU -- CR","A1, A3",29101.7691,"IUCN RLE 2.2","https://doi.org/10.1111/conl.12623","Ferrer-Paris et al. 2019"
"1.A.4.Ei.625 - Guayaquil Flooded & Swamp Forest","Peru","TF1.1","CR","EN -- CR","A3",4448.9169,"IUCN RLE 2.2","https://doi.org/10.1111/conl.12623","Ferrer-Paris et al. 2019"
"1.A.4.Ei.625 - Guayaquil Flooded & Swamp Forest","Ecuador","TF1.1","CR","EN -- CR","A3",4448.9169,"IUCN RLE 2.2","https://doi.org/10.1111/conl.12623","Ferrer-Paris et al. 2019"
"1.A.4.Ej.626 - Guianan Riparian Forest","Suriname","TF1.1","LC",NA,NA,41054.2749,"IUCN RLE 2.2","https://doi.org/10.1111/conl.12623","Ferrer-Paris et al. 2019"
"1.A.4.Ej.626 - Guianan Riparian Forest","Guyana","TF1.1","LC",NA,NA,41054.2749,"IUCN RLE 2.2","https://doi.org/10.1111/conl.12623","Ferrer-Paris et al. 2019"
"1.A.4.Ej.626 - Guianan Riparian Forest","French Guiana","TF1.1","LC",NA,NA,41054.2749,"IUCN RLE 2.2","https://doi.org/10.1111/conl.12623","Ferrer-Paris et al. 2019"
"1.A.4.Ej.626 - Guianan Riparian Forest","Brazil","TF1.1","LC",NA,NA,41054.2749,"IUCN RLE 2.2","https://doi.org/10.1111/conl.12623","Ferrer-Paris et al. 2019"
"1.A.4.Ej.626 - Guianan Riparian Forest","Venezuela","TF1.1","LC",NA,NA,41054.2749,"IUCN RLE 2.2","https://doi.org/10.1111/conl.12623","Ferrer-Paris et al. 2019"
"1.A.4.Ej.626 - Guianan Riparian Forest","Colombia","TF1.1","LC",NA,NA,41054.2749,"IUCN RLE 2.2","https://doi.org/10.1111/conl.12623","Ferrer-Paris et al. 2019"
"1.A.4.Ej.627 - Guianan Swamp Forest","Suriname","TF1.1","LC",NA,NA,95545.2834,"IUCN RLE 2.2","https://doi.org/10.1111/conl.12623","Ferrer-Paris et al. 2019"
"1.A.4.Ej.627 - Guianan Swamp Forest","Guyana","TF1.1","LC",NA,NA,95545.2834,"IUCN RLE 2.2","https://doi.org/10.1111/conl.12623","Ferrer-Paris et al. 2019"
"1.A.4.Ej.627 - Guianan Swamp Forest","French Guiana","TF1.1","LC",NA,NA,95545.2834,"IUCN RLE 2.2","https://doi.org/10.1111/conl.12623","Ferrer-Paris et al. 2019"
"1.A.4.Ej.627 - Guianan Swamp Forest","Brazil","TF1.1","LC",NA,NA,95545.2834,"IUCN RLE 2.2","https://doi.org/10.1111/conl.12623","Ferrer-Paris et al. 2019"
"1.A.4.Ej.627 - Guianan Swamp Forest","Venezuela","TF1.1","LC",NA,NA,95545.2834,"IUCN RLE 2.2","https://doi.org/10.1111/conl.12623","Ferrer-Paris et al. 2019"
"1.A.4.Ej.627 - Guianan Swamp Forest","Colombia","TF1.1","LC",NA,NA,95545.2834,"IUCN RLE 2.2","https://doi.org/10.1111/conl.12623","Ferrer-Paris et al. 2019"
"1.A.4.Ej.628 - Orinoco Delta Swamp Forest","Suriname","TF1.1","VU","VU -- EN","C2b",53492.8455,"IUCN RLE 2.2","https://doi.org/10.1111/conl.12623","Ferrer-Paris et al. 2019"
"1.A.4.Ej.628 - Orinoco Delta Swamp Forest","Guyana","TF1.1","VU","VU -- EN","C2b",53492.8455,"IUCN RLE 2.2","https://doi.org/10.1111/conl.12623","Ferrer-Paris et al. 2019"
"1.A.4.Ej.628 - Orinoco Delta Swamp Forest","French Guiana","TF1.1","VU","VU -- EN","C2b",53492.8455,"IUCN RLE 2.2","https://doi.org/10.1111/conl.12623","Ferrer-Paris et al. 2019"
"1.A.4.Ej.628 - Orinoco Delta Swamp Forest","Brazil","TF1.1","VU","VU -- EN","C2b",53492.8455,"IUCN RLE 2.2","https://doi.org/10.1111/conl.12623","Ferrer-Paris et al. 2019"
"1.A.4.Ej.628 - Orinoco Delta Swamp Forest","Venezuela","TF1.1","VU","VU -- EN","C2b",53492.8455,"IUCN RLE 2.2","https://doi.org/10.1111/conl.12623","Ferrer-Paris et al. 2019"
"1.A.4.Ej.628 - Orinoco Delta Swamp Forest","Trinidad and Tobago","TF1.1","VU","VU -- EN","C2b",53492.8455,"IUCN RLE 2.2","https://doi.org/10.1111/conl.12623","Ferrer-Paris et al. 2019"
"1.A.4.Ek.629 - Northern Andean Riparian & Flooded Forest","Peru","TF1.1","EN","EN -- CR","A1, A3",10859.8401,"IUCN RLE 2.2","https://doi.org/10.1111/conl.12623","Ferrer-Paris et al. 2019"
"1.A.4.Ek.629 - Northern Andean Riparian & Flooded Forest","Ecuador","TF1.1","EN","EN -- CR","A1, A3",10859.8401,"IUCN RLE 2.2","https://doi.org/10.1111/conl.12623","Ferrer-Paris et al. 2019"
"1.A.4.Ek.629 - Northern Andean Riparian & Flooded Forest","Venezuela","TF1.1","EN","EN -- CR","A1, A3",10859.8401,"IUCN RLE 2.2","https://doi.org/10.1111/conl.12623","Ferrer-Paris et al. 2019"
"1.A.4.Ek.629 - Northern Andean Riparian & Flooded Forest","Colombia","TF1.1","EN","EN -- CR","A1, A3",10859.8401,"IUCN RLE 2.2","https://doi.org/10.1111/conl.12623","Ferrer-Paris et al. 2019"
"1.A.4.Ek.630 - Central Andean Riparian & Flooded Forest","Chile","TF1.1","VU",NA,"A2b, D1, D2b",8511.4962,"IUCN RLE 2.2","https://doi.org/10.1111/conl.12623","Ferrer-Paris et al. 2019"
"1.A.4.Ek.630 - Central Andean Riparian & Flooded Forest","Argentina","TF1.1","VU",NA,"A2b, D1, D2b",8511.4962,"IUCN RLE 2.2","https://doi.org/10.1111/conl.12623","Ferrer-Paris et al. 2019"
"1.A.4.Ek.630 - Central Andean Riparian & Flooded Forest","Bolivia","TF1.1","VU",NA,"A2b, D1, D2b",8511.4962,"IUCN RLE 2.2","https://doi.org/10.1111/conl.12623","Ferrer-Paris et al. 2019"
"1.A.4.Ek.630 - Central Andean Riparian & Flooded Forest","Peru","TF1.1","VU",NA,"A2b, D1, D2b",8511.4962,"IUCN RLE 2.2","https://doi.org/10.1111/conl.12623","Ferrer-Paris et al. 2019"
"1.A.4.Ek.631 - Bolivian-Tucuman Dry Valley Riparian Forest","Argentina","TF1.1","VU","VU -- EN","A2b",7259.8518,"IUCN RLE 2.2","https://doi.org/10.1111/conl.12623","Ferrer-Paris et al. 2019"
"1.A.4.Ek.631 - Bolivian-Tucuman Dry Valley Riparian Forest","Bolivia","TF1.1","VU","VU -- EN","A2b",7259.8518,"IUCN RLE 2.2","https://doi.org/10.1111/conl.12623","Ferrer-Paris et al. 2019"
"1.A.4.Ek.631 - Bolivian-Tucuman Dry Valley Riparian Forest","Peru","TF1.1","VU","VU -- EN","A2b",7259.8518,"IUCN RLE 2.2","https://doi.org/10.1111/conl.12623","Ferrer-Paris et al. 2019"
"1.A.4.Ek.632 - Eastern Subandean Ridge Riparian & Flooded Forest","Peru","TF1.1","EN",NA,"A2b",2765.4534,"IUCN RLE 2.2","https://doi.org/10.1111/conl.12623","Ferrer-Paris et al. 2019"
"1.A.4.El.633 - Western Amazon Floodplain Forest","Bolivia","TF1.1","NT",NA,"C2b",116377.803,"IUCN RLE 2.2","https://doi.org/10.1111/conl.12623","Ferrer-Paris et al. 2019"
"1.A.4.El.633 - Western Amazon Floodplain Forest","Brazil","TF1.1","NT",NA,"C2b",116377.803,"IUCN RLE 2.2","https://doi.org/10.1111/conl.12623","Ferrer-Paris et al. 2019"
"1.A.4.El.633 - Western Amazon Floodplain Forest","Peru","TF1.1","NT",NA,"C2b",116377.803,"IUCN RLE 2.2","https://doi.org/10.1111/conl.12623","Ferrer-Paris et al. 2019"
"1.A.4.El.633 - Western Amazon Floodplain Forest","Ecuador","TF1.1","NT",NA,"C2b",116377.803,"IUCN RLE 2.2","https://doi.org/10.1111/conl.12623","Ferrer-Paris et al. 2019"
"1.A.4.El.633 - Western Amazon Floodplain Forest","Colombia","TF1.1","NT",NA,"C2b",116377.803,"IUCN RLE 2.2","https://doi.org/10.1111/conl.12623","Ferrer-Paris et al. 2019"
"1.A.4.El.634 - Western Amazon Swamp Forest","Bolivia","TF1.1","VU",NA,"D1",168560.6598,"IUCN RLE 2.2","https://doi.org/10.1111/conl.12623","Ferrer-Paris et al. 2019"
"1.A.4.El.634 - Western Amazon Swamp Forest","Brazil","TF1.1","VU",NA,"D1",168560.6598,"IUCN RLE 2.2","https://doi.org/10.1111/conl.12623","Ferrer-Paris et al. 2019"
"1.A.4.El.634 - Western Amazon Swamp Forest","Peru","TF1.1","VU",NA,"D1",168560.6598,"IUCN RLE 2.2","https://doi.org/10.1111/conl.12623","Ferrer-Paris et al. 2019"
"1.A.4.El.634 - Western Amazon Swamp Forest","Ecuador","TF1.1","VU",NA,"D1",168560.6598,"IUCN RLE 2.2","https://doi.org/10.1111/conl.12623","Ferrer-Paris et al. 2019"
"1.A.4.El.634 - Western Amazon Swamp Forest","Colombia","TF1.1","VU",NA,"D1",168560.6598,"IUCN RLE 2.2","https://doi.org/10.1111/conl.12623","Ferrer-Paris et al. 2019"
"1.A.4.El.635 - Southwestern Amazon Floodplain Forest","Bolivia","TF1.1","VU","NT -- VU","C2a",266677.9443,"IUCN RLE 2.2","https://doi.org/10.1111/conl.12623","Ferrer-Paris et al. 2019"
"1.A.4.El.635 - Southwestern Amazon Floodplain Forest","Brazil","TF1.1","VU","NT -- VU","C2a",266677.9443,"IUCN RLE 2.2","https://doi.org/10.1111/conl.12623","Ferrer-Paris et al. 2019"
"1.A.4.El.635 - Southwestern Amazon Floodplain Forest","Peru","TF1.1","VU","NT -- VU","C2a",266677.9443,"IUCN RLE 2.2","https://doi.org/10.1111/conl.12623","Ferrer-Paris et al. 2019"
"1.A.4.El.635 - Southwestern Amazon Floodplain Forest","Colombia","TF1.1","VU","NT -- VU","C2a",266677.9443,"IUCN RLE 2.2","https://doi.org/10.1111/conl.12623","Ferrer-Paris et al. 2019"
"1.A.4.El.636 - Southern Amazon Swamp Forest","Bolivia","TF1.1","VU",NA,"A2b",106440.1236,"IUCN RLE 2.2","https://doi.org/10.1111/conl.12623","Ferrer-Paris et al. 2019"
"1.A.4.El.636 - Southern Amazon Swamp Forest","Brazil","TF1.1","VU",NA,"A2b",106440.1236,"IUCN RLE 2.2","https://doi.org/10.1111/conl.12623","Ferrer-Paris et al. 2019"
"1.A.4.El.636 - Southern Amazon Swamp Forest","Peru","TF1.1","VU",NA,"A2b",106440.1236,"IUCN RLE 2.2","https://doi.org/10.1111/conl.12623","Ferrer-Paris et al. 2019"
"1.A.4.El.636 - Southern Amazon Swamp Forest","Colombia","TF1.1","VU",NA,"A2b",106440.1236,"IUCN RLE 2.2","https://doi.org/10.1111/conl.12623","Ferrer-Paris et al. 2019"
"1.A.4.El.637 - Northern Amazon Floodplain Forest","Brazil","TF1.1","NT","NT -- VU","C2a",239759.9352,"IUCN RLE 2.2","https://doi.org/10.1111/conl.12623","Ferrer-Paris et al. 2019"
"1.A.4.El.637 - Northern Amazon Floodplain Forest","Peru","TF1.1","NT","NT -- VU","C2a",239759.9352,"IUCN RLE 2.2","https://doi.org/10.1111/conl.12623","Ferrer-Paris et al. 2019"
"1.A.4.El.637 - Northern Amazon Floodplain Forest","Venezuela","TF1.1","NT","NT -- VU","C2a",239759.9352,"IUCN RLE 2.2","https://doi.org/10.1111/conl.12623","Ferrer-Paris et al. 2019"
"1.A.4.El.637 - Northern Amazon Floodplain Forest","Colombia","TF1.1","NT","NT -- VU","C2a",239759.9352,"IUCN RLE 2.2","https://doi.org/10.1111/conl.12623","Ferrer-Paris et al. 2019"
"1.A.4.El.638 - Central Amazon Floodplain Forest","Bolivia","TF1.1","VU",NA,"D1",198526.9014,"IUCN RLE 2.2","https://doi.org/10.1111/conl.12623","Ferrer-Paris et al. 2019"
"1.A.4.El.638 - Central Amazon Floodplain Forest","Brazil","TF1.1","VU",NA,"D1",198526.9014,"IUCN RLE 2.2","https://doi.org/10.1111/conl.12623","Ferrer-Paris et al. 2019"
"1.A.4.El.638 - Central Amazon Floodplain Forest","Peru","TF1.1","VU",NA,"D1",198526.9014,"IUCN RLE 2.2","https://doi.org/10.1111/conl.12623","Ferrer-Paris et al. 2019"
"1.A.4.El.638 - Central Amazon Floodplain Forest","Colombia","TF1.1","VU",NA,"D1",198526.9014,"IUCN RLE 2.2","https://doi.org/10.1111/conl.12623","Ferrer-Paris et al. 2019"
"1.A.4.El.639 - South-Central Amazon Floodplain Forest","Bolivia","TF1.1","VU","NT -- VU","A2b",172417.9203,"IUCN RLE 2.2","https://doi.org/10.1111/conl.12623","Ferrer-Paris et al. 2019"
"1.A.4.El.639 - South-Central Amazon Floodplain Forest","Brazil","TF1.1","VU","NT -- VU","A2b",172417.9203,"IUCN RLE 2.2","https://doi.org/10.1111/conl.12623","Ferrer-Paris et al. 2019"
"1.A.4.El.639 - South-Central Amazon Floodplain Forest","Colombia","TF1.1","VU","NT -- VU","A2b",172417.9203,"IUCN RLE 2.2","https://doi.org/10.1111/conl.12623","Ferrer-Paris et al. 2019"
"1.A.4.El.640 - Amazon Delta Swamp Forest","French Guiana","TF1.1","VU",NA,"D1, D3",71949.4083,"IUCN RLE 2.2","https://doi.org/10.1111/conl.12623","Ferrer-Paris et al. 2019"
"1.A.4.El.640 - Amazon Delta Swamp Forest","Brazil","TF1.1","VU",NA,"D1, D3",71949.4083,"IUCN RLE 2.2","https://doi.org/10.1111/conl.12623","Ferrer-Paris et al. 2019"
"1.A.4.Em.641 - Brazilian Atlantic Coastal Plain Swamp","Brazil","TF1.1","EN","VU -- EN","A1, A3",9503.2926,"IUCN RLE 2.2","https://doi.org/10.1111/conl.12623","Ferrer-Paris et al. 2019"
"1.A.4.Em.642 - Parana Floodplain Forest","Argentina","TF1.1","CR",NA,"A2b",20497.5603,"IUCN RLE 2.2","https://doi.org/10.1111/conl.12623","Ferrer-Paris et al. 2019"
"1.A.4.Em.642 - Parana Floodplain Forest","Paraguay","TF1.1","CR",NA,"A2b",20497.5603,"IUCN RLE 2.2","https://doi.org/10.1111/conl.12623","Ferrer-Paris et al. 2019"
"1.A.4.Em.642 - Parana Floodplain Forest","Brazil","TF1.1","CR",NA,"A2b",20497.5603,"IUCN RLE 2.2","https://doi.org/10.1111/conl.12623","Ferrer-Paris et al. 2019"
"1.A.4.Em.643 - Cerrado Floodplain Forest","Paraguay","TF1.1","EN",NA,"A2b",113138.613,"IUCN RLE 2.2","https://doi.org/10.1111/conl.12623","Ferrer-Paris et al. 2019"
"1.A.4.Em.643 - Cerrado Floodplain Forest","Bolivia","TF1.1","EN",NA,"A2b",113138.613,"IUCN RLE 2.2","https://doi.org/10.1111/conl.12623","Ferrer-Paris et al. 2019"
"1.A.4.Em.643 - Cerrado Floodplain Forest","Brazil","TF1.1","EN",NA,"A2b",113138.613,"IUCN RLE 2.2","https://doi.org/10.1111/conl.12623","Ferrer-Paris et al. 2019"
"1.A.4.Em.644 - Beni Chiquitano Swamp Forest","Bolivia","TF1.1","VU",NA,"A3, C2b",16786.1403,"IUCN RLE 2.2","https://doi.org/10.1111/conl.12623","Ferrer-Paris et al. 2019"
"1.A.4.Em.644 - Beni Chiquitano Swamp Forest","Brazil","TF1.1","VU",NA,"A3, C2b",16786.1403,"IUCN RLE 2.2","https://doi.org/10.1111/conl.12623","Ferrer-Paris et al. 2019"
"1.A.4.Em.645 - Beni Floodplain Forest","Bolivia","TF1.1","VU",NA,"A1, A3",24346.5021,"IUCN RLE 2.2","https://doi.org/10.1111/conl.12623","Ferrer-Paris et al. 2019"
"1.A.4.Em.645 - Beni Floodplain Forest","Brazil","TF1.1","VU",NA,"A1, A3",24346.5021,"IUCN RLE 2.2","https://doi.org/10.1111/conl.12623","Ferrer-Paris et al. 2019"
"1.A.4.Em.646 - Pantanal Floodplain Forest","Paraguay","TF1.1","EN","EN -- CR","A1, A2b, A3, C2b",46986.0507,"IUCN RLE 2.2","https://doi.org/10.1111/conl.12623","Ferrer-Paris et al. 2019"
"1.A.4.Em.646 - Pantanal Floodplain Forest","Bolivia","TF1.1","EN","EN -- CR","A1, A2b, A3, C2b",46986.0507,"IUCN RLE 2.2","https://doi.org/10.1111/conl.12623","Ferrer-Paris et al. 2019"
"1.A.4.Em.646 - Pantanal Floodplain Forest","Brazil","TF1.1","EN","EN -- CR","A1, A2b, A3, C2b",46986.0507,"IUCN RLE 2.2","https://doi.org/10.1111/conl.12623","Ferrer-Paris et al. 2019"
"1.A.4.En.647 - Northern Chaco Floodplain Forest & Woodland","Argentina","TF1.1","EN",NA,"A2b, A3, C2b",134159.3037,"IUCN RLE 2.2","https://doi.org/10.1111/conl.12623","Ferrer-Paris et al. 2019"
"1.A.4.En.647 - Northern Chaco Floodplain Forest & Woodland","Paraguay","TF1.1","EN",NA,"A2b, A3, C2b",134159.3037,"IUCN RLE 2.2","https://doi.org/10.1111/conl.12623","Ferrer-Paris et al. 2019"
"1.A.4.En.647 - Northern Chaco Floodplain Forest & Woodland","Bolivia","TF1.1","EN",NA,"A2b, A3, C2b",134159.3037,"IUCN RLE 2.2","https://doi.org/10.1111/conl.12623","Ferrer-Paris et al. 2019"
"1.A.4.En.647 - Northern Chaco Floodplain Forest & Woodland","Brazil","TF1.1","EN",NA,"A2b, A3, C2b",134159.3037,"IUCN RLE 2.2","https://doi.org/10.1111/conl.12623","Ferrer-Paris et al. 2019"
"1.A.4.En.648 - Northern Chaco Riparian Shrubland & Woodland","Argentina","TF1.1","EN","VU -- EN","A2b",117097.4151,"IUCN RLE 2.2","https://doi.org/10.1111/conl.12623","Ferrer-Paris et al. 2019"
"1.A.4.En.648 - Northern Chaco Riparian Shrubland & Woodland","Paraguay","TF1.1","EN","VU -- EN","A2b",117097.4151,"IUCN RLE 2.2","https://doi.org/10.1111/conl.12623","Ferrer-Paris et al. 2019"
"1.A.4.En.648 - Northern Chaco Riparian Shrubland & Woodland","Bolivia","TF1.1","EN","VU -- EN","A2b",117097.4151,"IUCN RLE 2.2","https://doi.org/10.1111/conl.12623","Ferrer-Paris et al. 2019"
"1.A.4.En.648 - Northern Chaco Riparian Shrubland & Woodland","Brazil","TF1.1","EN","VU -- EN","A2b",117097.4151,"IUCN RLE 2.2","https://doi.org/10.1111/conl.12623","Ferrer-Paris et al. 2019"
"1.A.4.En.649 - Northern Chaco Palm Swamp","Argentina","TF1.1","EN",NA,"C2b",18529.4547,"IUCN RLE 2.2","https://doi.org/10.1111/conl.12623","Ferrer-Paris et al. 2019"
"1.A.4.En.649 - Northern Chaco Palm Swamp","Paraguay","TF1.1","EN",NA,"C2b",18529.4547,"IUCN RLE 2.2","https://doi.org/10.1111/conl.12623","Ferrer-Paris et al. 2019"
"1.A.4.En.649 - Northern Chaco Palm Swamp","Bolivia","TF1.1","EN",NA,"C2b",18529.4547,"IUCN RLE 2.2","https://doi.org/10.1111/conl.12623","Ferrer-Paris et al. 2019"
"1.A.4.En.649 - Northern Chaco Palm Swamp","Brazil","TF1.1","EN",NA,"C2b",18529.4547,"IUCN RLE 2.2","https://doi.org/10.1111/conl.12623","Ferrer-Paris et al. 2019"
"1.A.4.En.650 - Southern Chaco Floodplain Forest & Woodland","Paraguay","TF1.1","NE",NA,NA,52.5771,"IUCN RLE 2.2","https://doi.org/10.1111/conl.12623","Ferrer-Paris et al. 2019"
"1.A.4.En.650 - Southern Chaco Floodplain Forest & Woodland","Argentina","TF1.1","NE",NA,NA,52.5771,"IUCN RLE 2.2","https://doi.org/10.1111/conl.12623","Ferrer-Paris et al. 2019"
"1.A.5.Ua.4 - Eastern Pacific Mangrove","Peru","MFT1.2","EN","VU -- EN","A3",15527.4732,"IUCN RLE 2.2","https://doi.org/10.1111/conl.12623","Ferrer-Paris et al. 2019"
"1.A.5.Ua.4 - Eastern Pacific Mangrove","Ecuador","MFT1.2","EN","VU -- EN","A3",15527.4732,"IUCN RLE 2.2","https://doi.org/10.1111/conl.12623","Ferrer-Paris et al. 2019"
"1.A.5.Ua.4 - Eastern Pacific Mangrove","Colombia","MFT1.2","EN","VU -- EN","A3",15527.4732,"IUCN RLE 2.2","https://doi.org/10.1111/conl.12623","Ferrer-Paris et al. 2019"
"1.A.5.Ua.4 - Eastern Pacific Mangrove","Panama","MFT1.2","EN","VU -- EN","A3",15527.4732,"IUCN RLE 2.2","https://doi.org/10.1111/conl.12623","Ferrer-Paris et al. 2019"
"1.A.5.Ua.4 - Eastern Pacific Mangrove","Nicaragua","MFT1.2","EN","VU -- EN","A3",15527.4732,"IUCN RLE 2.2","https://doi.org/10.1111/conl.12623","Ferrer-Paris et al. 2019"
"1.A.5.Ua.4 - Eastern Pacific Mangrove","Mexico","MFT1.2","EN","VU -- EN","A3",15527.4732,"IUCN RLE 2.2","https://doi.org/10.1111/conl.12623","Ferrer-Paris et al. 2019"
"1.A.5.Ua.4 - Eastern Pacific Mangrove","Honduras","MFT1.2","EN","VU -- EN","A3",15527.4732,"IUCN RLE 2.2","https://doi.org/10.1111/conl.12623","Ferrer-Paris et al. 2019"
"1.A.5.Ua.4 - Eastern Pacific Mangrove","Guatemala","MFT1.2","EN","VU -- EN","A3",15527.4732,"IUCN RLE 2.2","https://doi.org/10.1111/conl.12623","Ferrer-Paris et al. 2019"
"1.A.5.Ua.4 - Eastern Pacific Mangrove","El Salvador","MFT1.2","EN","VU -- EN","A3",15527.4732,"IUCN RLE 2.2","https://doi.org/10.1111/conl.12623","Ferrer-Paris et al. 2019"
"1.A.5.Ua.4 - Eastern Pacific Mangrove","Costa Rica","MFT1.2","EN","VU -- EN","A3",15527.4732,"IUCN RLE 2.2","https://doi.org/10.1111/conl.12623","Ferrer-Paris et al. 2019"
"1.A.5.Ua.5 - Western Atlantic & Caribbean Mangrove","Curaçao","MFT1.2","NT",NA,"D2b",49491,"IUCN RLE 2.2","https://doi.org/10.1111/conl.12623","Ferrer-Paris et al. 2019"
"1.A.5.Ua.5 - Western Atlantic & Caribbean Mangrove","Aruba","MFT1.2","NT",NA,"D2b",49491,"IUCN RLE 2.2","https://doi.org/10.1111/conl.12623","Ferrer-Paris et al. 2019"
"1.A.5.Ua.5 - Western Atlantic & Caribbean Mangrove","Suriname","MFT1.2","NT",NA,"D2b",49491,"IUCN RLE 2.2","https://doi.org/10.1111/conl.12623","Ferrer-Paris et al. 2019"
"1.A.5.Ua.5 - Western Atlantic & Caribbean Mangrove","Guyana","MFT1.2","NT",NA,"D2b",49491,"IUCN RLE 2.2","https://doi.org/10.1111/conl.12623","Ferrer-Paris et al. 2019"
"1.A.5.Ua.5 - Western Atlantic & Caribbean Mangrove","French Guiana","MFT1.2","NT",NA,"D2b",49491,"IUCN RLE 2.2","https://doi.org/10.1111/conl.12623","Ferrer-Paris et al. 2019"
"1.A.5.Ua.5 - Western Atlantic & Caribbean Mangrove","Brazil","MFT1.2","NT",NA,"D2b",49491,"IUCN RLE 2.2","https://doi.org/10.1111/conl.12623","Ferrer-Paris et al. 2019"
"1.A.5.Ua.5 - Western Atlantic & Caribbean Mangrove","Venezuela","MFT1.2","NT",NA,"D2b",49491,"IUCN RLE 2.2","https://doi.org/10.1111/conl.12623","Ferrer-Paris et al. 2019"
"1.A.5.Ua.5 - Western Atlantic & Caribbean Mangrove","Colombia","MFT1.2","NT",NA,"D2b",49491,"IUCN RLE 2.2","https://doi.org/10.1111/conl.12623","Ferrer-Paris et al. 2019"
"1.A.5.Ua.5 - Western Atlantic & Caribbean Mangrove","Panama","MFT1.2","NT",NA,"D2b",49491,"IUCN RLE 2.2","https://doi.org/10.1111/conl.12623","Ferrer-Paris et al. 2019"
"1.A.5.Ua.5 - Western Atlantic & Caribbean Mangrove","Nicaragua","MFT1.2","NT",NA,"D2b",49491,"IUCN RLE 2.2","https://doi.org/10.1111/conl.12623","Ferrer-Paris et al. 2019"
"1.A.5.Ua.5 - Western Atlantic & Caribbean Mangrove","Mexico","MFT1.2","NT",NA,"D2b",49491,"IUCN RLE 2.2","https://doi.org/10.1111/conl.12623","Ferrer-Paris et al. 2019"
"1.A.5.Ua.5 - Western Atlantic & Caribbean Mangrove","Honduras","MFT1.2","NT",NA,"D2b",49491,"IUCN RLE 2.2","https://doi.org/10.1111/conl.12623","Ferrer-Paris et al. 2019"
"1.A.5.Ua.5 - Western Atlantic & Caribbean Mangrove","Guatemala","MFT1.2","NT",NA,"D2b",49491,"IUCN RLE 2.2","https://doi.org/10.1111/conl.12623","Ferrer-Paris et al. 2019"
"1.A.5.Ua.5 - Western Atlantic & Caribbean Mangrove","Costa Rica","MFT1.2","NT",NA,"D2b",49491,"IUCN RLE 2.2","https://doi.org/10.1111/conl.12623","Ferrer-Paris et al. 2019"
"1.A.5.Ua.5 - Western Atlantic & Caribbean Mangrove","Belize","MFT1.2","NT",NA,"D2b",49491,"IUCN RLE 2.2","https://doi.org/10.1111/conl.12623","Ferrer-Paris et al. 2019"
"1.A.5.Ua.5 - Western Atlantic & Caribbean Mangrove","Virgin Islands","MFT1.2","NT",NA,"D2b",49491,"IUCN RLE 2.2","https://doi.org/10.1111/conl.12623","Ferrer-Paris et al. 2019"
"1.A.5.Ua.5 - Western Atlantic & Caribbean Mangrove","United States","MFT1.2","NT",NA,"D2b",49491,"IUCN RLE 2.2","https://doi.org/10.1111/conl.12623","Ferrer-Paris et al. 2019"
"1.A.5.Ua.5 - Western Atlantic & Caribbean Mangrove","Turks and Caicas Islands","MFT1.2","NT",NA,"D2b",49491,"IUCN RLE 2.2","https://doi.org/10.1111/conl.12623","Ferrer-Paris et al. 2019"
"1.A.5.Ua.5 - Western Atlantic & Caribbean Mangrove","Trinidad and Tobago","MFT1.2","NT",NA,"D2b",49491,"IUCN RLE 2.2","https://doi.org/10.1111/conl.12623","Ferrer-Paris et al. 2019"
"1.A.5.Ua.5 - Western Atlantic & Caribbean Mangrove","Sint Maarten","MFT1.2","NT",NA,"D2b",49491,"IUCN RLE 2.2","https://doi.org/10.1111/conl.12623","Ferrer-Paris et al. 2019"
"1.A.5.Ua.5 - Western Atlantic & Caribbean Mangrove","Saint Vincent and the Grenadines","MFT1.2","NT",NA,"D2b",49491,"IUCN RLE 2.2","https://doi.org/10.1111/conl.12623","Ferrer-Paris et al. 2019"
"1.A.5.Ua.5 - Western Atlantic & Caribbean Mangrove","Saint Martin","MFT1.2","NT",NA,"D2b",49491,"IUCN RLE 2.2","https://doi.org/10.1111/conl.12623","Ferrer-Paris et al. 2019"
"1.A.5.Ua.5 - Western Atlantic & Caribbean Mangrove","Saint Lucia","MFT1.2","NT",NA,"D2b",49491,"IUCN RLE 2.2","https://doi.org/10.1111/conl.12623","Ferrer-Paris et al. 2019"
"1.A.5.Ua.5 - Western Atlantic & Caribbean Mangrove","Saint Kitts and Nevis","MFT1.2","NT",NA,"D2b",49491,"IUCN RLE 2.2","https://doi.org/10.1111/conl.12623","Ferrer-Paris et al. 2019"
"1.A.5.Ua.5 - Western Atlantic & Caribbean Mangrove","Saint Barthélemy","MFT1.2","NT",NA,"D2b",49491,"IUCN RLE 2.2","https://doi.org/10.1111/conl.12623","Ferrer-Paris et al. 2019"
"1.A.5.Ua.5 - Western Atlantic & Caribbean Mangrove","Puerto Rico","MFT1.2","NT",NA,"D2b",49491,"IUCN RLE 2.2","https://doi.org/10.1111/conl.12623","Ferrer-Paris et al. 2019"
"1.A.5.Ua.5 - Western Atlantic & Caribbean Mangrove","Montserrat","MFT1.2","NT",NA,"D2b",49491,"IUCN RLE 2.2","https://doi.org/10.1111/conl.12623","Ferrer-Paris et al. 2019"
"1.A.5.Ua.5 - Western Atlantic & Caribbean Mangrove","Martinique","MFT1.2","NT",NA,"D2b",49491,"IUCN RLE 2.2","https://doi.org/10.1111/conl.12623","Ferrer-Paris et al. 2019"
"1.A.5.Ua.5 - Western Atlantic & Caribbean Mangrove","Jamaica","MFT1.2","NT",NA,"D2b",49491,"IUCN RLE 2.2","https://doi.org/10.1111/conl.12623","Ferrer-Paris et al. 2019"
"1.A.5.Ua.5 - Western Atlantic & Caribbean Mangrove","Haiti","MFT1.2","NT",NA,"D2b",49491,"IUCN RLE 2.2","https://doi.org/10.1111/conl.12623","Ferrer-Paris et al. 2019"
"1.A.5.Ua.5 - Western Atlantic & Caribbean Mangrove","Guadeloupe","MFT1.2","NT",NA,"D2b",49491,"IUCN RLE 2.2","https://doi.org/10.1111/conl.12623","Ferrer-Paris et al. 2019"
"1.A.5.Ua.5 - Western Atlantic & Caribbean Mangrove","Grenada","MFT1.2","NT",NA,"D2b",49491,"IUCN RLE 2.2","https://doi.org/10.1111/conl.12623","Ferrer-Paris et al. 2019"
"1.A.5.Ua.5 - Western Atlantic & Caribbean Mangrove","Dominican Republic","MFT1.2","NT",NA,"D2b",49491,"IUCN RLE 2.2","https://doi.org/10.1111/conl.12623","Ferrer-Paris et al. 2019"
"1.A.5.Ua.5 - Western Atlantic & Caribbean Mangrove","Dominica","MFT1.2","NT",NA,"D2b",49491,"IUCN RLE 2.2","https://doi.org/10.1111/conl.12623","Ferrer-Paris et al. 2019"
"1.A.5.Ua.5 - Western Atlantic & Caribbean Mangrove","Cuba","MFT1.2","NT",NA,"D2b",49491,"IUCN RLE 2.2","https://doi.org/10.1111/conl.12623","Ferrer-Paris et al. 2019"
"1.A.5.Ua.5 - Western Atlantic & Caribbean Mangrove","Cayman Islands","MFT1.2","NT",NA,"D2b",49491,"IUCN RLE 2.2","https://doi.org/10.1111/conl.12623","Ferrer-Paris et al. 2019"
"1.A.5.Ua.5 - Western Atlantic & Caribbean Mangrove","British Virgin Islands","MFT1.2","NT",NA,"D2b",49491,"IUCN RLE 2.2","https://doi.org/10.1111/conl.12623","Ferrer-Paris et al. 2019"
"1.A.5.Ua.5 - Western Atlantic & Caribbean Mangrove","Bonaire, Saint Eustatius and Saba","MFT1.2","NT",NA,"D2b",49491,"IUCN RLE 2.2","https://doi.org/10.1111/conl.12623","Ferrer-Paris et al. 2019"
"1.A.5.Ua.5 - Western Atlantic & Caribbean Mangrove","Barbados","MFT1.2","NT",NA,"D2b",49491,"IUCN RLE 2.2","https://doi.org/10.1111/conl.12623","Ferrer-Paris et al. 2019"
"1.A.5.Ua.5 - Western Atlantic & Caribbean Mangrove","Bahamas","MFT1.2","NT",NA,"D2b",49491,"IUCN RLE 2.2","https://doi.org/10.1111/conl.12623","Ferrer-Paris et al. 2019"
"1.A.5.Ua.5 - Western Atlantic & Caribbean Mangrove","Antigua and Barbuda","MFT1.2","NT",NA,"D2b",49491,"IUCN RLE 2.2","https://doi.org/10.1111/conl.12623","Ferrer-Paris et al. 2019"
"1.B.1.Ef.652 - Central Chilean (Mediterranean) Sclerophyllous Forest","Chile","T2.4,T2.6","EN","EN -- CR","A1, A3",12801.4425,"IUCN RLE 2.2","https://doi.org/10.1111/conl.12623","Ferrer-Paris et al. 2019"
"1.B.1.Ef.653 - Central Chilean (Mediterranean) Deciduous Forest","Argentina","T2.4,T2.6","NE",NA,NA,10365.0435,"IUCN RLE 2.2","https://doi.org/10.1111/conl.12623","Ferrer-Paris et al. 2019"
"1.B.1.Ef.653 - Central Chilean (Mediterranean) Deciduous Forest","Chile","T2.4,T2.6","NE",NA,NA,10365.0435,"IUCN RLE 2.2","https://doi.org/10.1111/conl.12623","Ferrer-Paris et al. 2019"
"1.B.1.Eg.654 - Espinal Deciduous Forest & Woodland","Uruguay","T2.6,T4.4","EN","VU -- CR","A1, A3",48077.0073,"IUCN RLE 2.2","https://doi.org/10.1111/conl.12623","Ferrer-Paris et al. 2019"
"1.B.1.Eg.654 - Espinal Deciduous Forest & Woodland","Argentina","T2.6,T4.4","EN","VU -- CR","A1, A3",48077.0073,"IUCN RLE 2.2","https://doi.org/10.1111/conl.12623","Ferrer-Paris et al. 2019"
"1.B.1.Eg.654 - Espinal Deciduous Forest & Woodland","Brazil","T2.6,T4.4","EN","VU -- CR","A1, A3",48077.0073,"IUCN RLE 2.2","https://doi.org/10.1111/conl.12623","Ferrer-Paris et al. 2019"
"1.B.1.Na.7 - Longleaf Pine Woodland","United States","T4.4","VU","VU -- EN","C2a, D3",183471.5529,"IUCN RLE 2.2","https://doi.org/10.1111/conl.12623","Ferrer-Paris et al. 2019"
"1.B.1.Na.8 - Southern Mesic Mixed Broadleaf Forest","United States","T2.4","VU",NA,"A3, D3",56085.9147,"IUCN RLE 2.2","https://doi.org/10.1111/conl.12623","Ferrer-Paris et al. 2019"
"1.B.1.Nc.9 - California Forest & Woodland","Canada","T2.6,T4.4","VU","VU -- EN","A1, A2b, A3",61364.2797,"IUCN RLE 2.2","https://doi.org/10.1111/conl.12623","Ferrer-Paris et al. 2019"
"1.B.1.Nc.9 - California Forest & Woodland","Mexico","T2.6,T4.4","VU","VU -- EN","A1, A2b, A3",61364.2797,"IUCN RLE 2.2","https://doi.org/10.1111/conl.12623","Ferrer-Paris et al. 2019"
"1.B.1.Nc.9 - California Forest & Woodland","United States","T2.6,T4.4","VU","VU -- EN","A1, A2b, A3",61364.2797,"IUCN RLE 2.2","https://doi.org/10.1111/conl.12623","Ferrer-Paris et al. 2019"
"1.B.1.Nd.10 - Madrean Lowland Evergreen Woodland","Mexico","T2.6,T4.2","NT","LC -- VU","A1, A3",132692.9688,"IUCN RLE 2.2","https://doi.org/10.1111/conl.12623","Ferrer-Paris et al. 2019"
"1.B.1.Nd.10 - Madrean Lowland Evergreen Woodland","United States","T2.6,T4.2","NT","LC -- VU","A1, A3",132692.9688,"IUCN RLE 2.2","https://doi.org/10.1111/conl.12623","Ferrer-Paris et al. 2019"
"1.B.1.Nd.15 - Comanchian Forest & Woodland","United States","T2.6,T4.2","CR","VU -- CR","A3",43675.3944,"IUCN RLE 2.2","https://doi.org/10.1111/conl.12623","Ferrer-Paris et al. 2019"
"1.B.2.Ee.655 - Valdivian Lower Montane Evergreen Forest","Argentina","T2.3","NE",NA,NA,22208.7744,"IUCN RLE 2.2","https://doi.org/10.1111/conl.12623","Ferrer-Paris et al. 2019"
"1.B.2.Ee.655 - Valdivian Lower Montane Evergreen Forest","Chile","T2.3","NE",NA,NA,22208.7744,"IUCN RLE 2.2","https://doi.org/10.1111/conl.12623","Ferrer-Paris et al. 2019"
"1.B.2.Ee.656 - Valdivian Lower Montane Deciduous Forest","Argentina","T2.3","NE",NA,NA,16884.7335,"IUCN RLE 2.2","https://doi.org/10.1111/conl.12623","Ferrer-Paris et al. 2019"
"1.B.2.Ee.656 - Valdivian Lower Montane Deciduous Forest","Chile","T2.3","NE",NA,NA,16884.7335,"IUCN RLE 2.2","https://doi.org/10.1111/conl.12623","Ferrer-Paris et al. 2019"
"1.B.2.Ee.657 - Valdivian Montane & Upper Montane Deciduous Forest","Chile","T2.3","LC",NA,NA,46840.2507,"IUCN RLE 2.2","https://doi.org/10.1111/conl.12623","Ferrer-Paris et al. 2019"
"1.B.2.Ee.657 - Valdivian Montane & Upper Montane Deciduous Forest","Argentina","T2.3","LC",NA,NA,46840.2507,"IUCN RLE 2.2","https://doi.org/10.1111/conl.12623","Ferrer-Paris et al. 2019"
"1.B.2.Ee.658 - Valdivian Montane & Upper Montane Evergreen Forest","Chile","T2.3","LC",NA,NA,55066.1085,"IUCN RLE 2.2","https://doi.org/10.1111/conl.12623","Ferrer-Paris et al. 2019"
"1.B.2.Ee.658 - Valdivian Montane & Upper Montane Evergreen Forest","Argentina","T2.3","LC",NA,NA,55066.1085,"IUCN RLE 2.2","https://doi.org/10.1111/conl.12623","Ferrer-Paris et al. 2019"
"1.B.2.Ef.659 - Magellanian Temperate Evergreen Forest","Argentina","T2.3","NE",NA,NA,44531.9289,"IUCN RLE 2.2","https://doi.org/10.1111/conl.12623","Ferrer-Paris et al. 2019"
"1.B.2.Ef.659 - Magellanian Temperate Evergreen Forest","Chile","T2.3","NE",NA,NA,44531.9289,"IUCN RLE 2.2","https://doi.org/10.1111/conl.12623","Ferrer-Paris et al. 2019"
"1.B.2.Na.12 - North-Central Oak - Hardwood & Pine Forest","Canada","T4.4","CR",NA,"A1, A3",57560.0094,"IUCN RLE 2.2","https://doi.org/10.1111/conl.12623","Ferrer-Paris et al. 2019"
"1.B.2.Na.12 - North-Central Oak - Hardwood & Pine Forest","United States","T4.4","CR",NA,"A1, A3",57560.0094,"IUCN RLE 2.2","https://doi.org/10.1111/conl.12623","Ferrer-Paris et al. 2019"
"1.B.1.Nd.13 - Madrean Montane Forest & Woodland","United States","T2.2","NE",NA,NA,143988.2811,"IUCN RLE 2.2","https://doi.org/10.1111/conl.12623","Ferrer-Paris et al. 2019"
"1.B.1.Nd.13 - Madrean Montane Forest & Woodland","Mexico","T2.2","NE",NA,NA,143988.2811,"IUCN RLE 2.2","https://doi.org/10.1111/conl.12623","Ferrer-Paris et al. 2019"
"1.B.2.Na.14 - Northern Mesic Hardwood & Conifer Forest","Canada","T2.2","VU","NT -- VU","A2b",419044.6791,"IUCN RLE 2.2","https://doi.org/10.1111/conl.12623","Ferrer-Paris et al. 2019"
"1.B.2.Na.14 - Northern Mesic Hardwood & Conifer Forest","United States","T2.2","VU","NT -- VU","A2b",419044.6791,"IUCN RLE 2.2","https://doi.org/10.1111/conl.12623","Ferrer-Paris et al. 2019"
"1.B.2.Na.16 - South-Central Oak - Hardwood & Pine Forest","United States","T2.2","EN","VU -- EN","A2b, A3",305190.909,"IUCN RLE 2.2","https://doi.org/10.1111/conl.12623","Ferrer-Paris et al. 2019"
"1.B.2.Na.151 - Northern Great Plains Woodland","Canada","T2.2,T4.4","CR","EN -- CR","A3",40877.3547,"IUCN RLE 2.2","https://doi.org/10.1111/conl.12623","Ferrer-Paris et al. 2019"
"1.B.2.Na.151 - Northern Great Plains Woodland","United States","T2.2,T4.4","CR","EN -- CR","A3",40877.3547,"IUCN RLE 2.2","https://doi.org/10.1111/conl.12623","Ferrer-Paris et al. 2019"
"1.B.2.Na.159 - Northern Pine & Oak - Hardwood Forest","Canada","T2.2","VU",NA,"A2b, D3",40466.7252,"IUCN RLE 2.2","https://doi.org/10.1111/conl.12623","Ferrer-Paris et al. 2019"
"1.B.2.Na.159 - Northern Pine & Oak - Hardwood Forest","United States","T2.2","VU",NA,"A2b, D3",40466.7252,"IUCN RLE 2.2","https://doi.org/10.1111/conl.12623","Ferrer-Paris et al. 2019"
"1.B.2.Na.502 - Appalachian & Northeastern Oak - Hardwood & Pine Forest","Canada","T2.2","EN","VU -- EN","C2a",210232.0737,"IUCN RLE 2.2","https://doi.org/10.1111/conl.12623","Ferrer-Paris et al. 2019"
"1.B.2.Na.502 - Appalachian & Northeastern Oak - Hardwood & Pine Forest","United States","T2.2","EN","VU -- EN","C2a",210232.0737,"IUCN RLE 2.2","https://doi.org/10.1111/conl.12623","Ferrer-Paris et al. 2019"
"1.B.2.Nb.20 - Rocky Mountain Subalpine & High Montane Conifer Forest","Canada","T2.1","VU","NT -- EN","C2a",322936.3161,"IUCN RLE 2.2","https://doi.org/10.1111/conl.12623","Ferrer-Paris et al. 2019"
"1.B.2.Nb.20 - Rocky Mountain Subalpine & High Montane Conifer Forest","United States","T2.1","VU","NT -- EN","C2a",322936.3161,"IUCN RLE 2.2","https://doi.org/10.1111/conl.12623","Ferrer-Paris et al. 2019"
"1.B.2.Nb.21 - Sierra Madre High Montane Forest","Mexico","T2.1","VU","LC -- EN","A2b",21042.1152,"IUCN RLE 2.2","https://doi.org/10.1111/conl.12623","Ferrer-Paris et al. 2019"
"1.B.2.Nb.22 - Southern Rocky Mountain Lower Montane Forest","United States","T2.2,T4.4","LC",NA,NA,74722.1598,"IUCN RLE 2.2","https://doi.org/10.1111/conl.12623","Ferrer-Paris et al. 2019"
"1.B.2.Nb.500 - Central Rocky Mountain Mesic Lower Montane Forest","Canada","T2.2,T4.4","EN","LC -- EN","A2b",31256.5635,"IUCN RLE 2.2","https://doi.org/10.1111/conl.12623","Ferrer-Paris et al. 2019"
"1.B.2.Nb.500 - Central Rocky Mountain Mesic Lower Montane Forest","United States","T2.2,T4.4","EN","LC -- EN","A2b",31256.5635,"IUCN RLE 2.2","https://doi.org/10.1111/conl.12623","Ferrer-Paris et al. 2019"
"1.B.2.Nb.501 - Central Rocky Mountain Dry Lower Montane & Foothill Forest","Canada","T2.2,T4.4","EN","LC -- EN","A2b",214472.7963,"IUCN RLE 2.2","https://doi.org/10.1111/conl.12623","Ferrer-Paris et al. 2019"
"1.B.2.Nb.501 - Central Rocky Mountain Dry Lower Montane & Foothill Forest","United States","T2.2,T4.4","EN","LC -- EN","A2b",214472.7963,"IUCN RLE 2.2","https://doi.org/10.1111/conl.12623","Ferrer-Paris et al. 2019"
"1.B.2.Nc.26 - Intermountain Singleleaf Pinyon - Utah Juniper - Western Juniper Woodland","United States","T2.1,T2.2,T4.4","VU",NA,"A3",77538.7161,"IUCN RLE 2.2","https://doi.org/10.1111/conl.12623","Ferrer-Paris et al. 2019"
"1.B.2.Nc.27 - Southern Rocky Mountain Two-needle Pinyon - One-seed Juniper Woodland","United States","T2.1,T2.2,T4.4","EN",NA,"B2",19054.7235,"IUCN RLE 2.2","https://doi.org/10.1111/conl.12623","Ferrer-Paris et al. 2019"
"1.B.2.Nd.23 - Southern Vancouverian Montane & Foothill Forest","United States","T2.1,T2.2","EN","LC -- EN","A2b",58835.9214,"IUCN RLE 2.2","https://doi.org/10.1111/conl.12623","Ferrer-Paris et al. 2019"
"1.B.2.Nd.24 - Vancouverian Lowland & Montane Rainforest","Canada","T2.3","EN","LC -- EN","A2b",173948.9337,"IUCN RLE 2.2","https://doi.org/10.1111/conl.12623","Ferrer-Paris et al. 2019"
"1.B.2.Nd.24 - Vancouverian Lowland & Montane Rainforest","United States","T2.3","EN","LC -- EN","A2b",173948.9337,"IUCN RLE 2.2","https://doi.org/10.1111/conl.12623","Ferrer-Paris et al. 2019"
"1.B.2.Nd.25 - Vancouverian Subalpine Forest","Canada","T2.1","LC",NA,NA,30815.2512,"IUCN RLE 2.2","https://doi.org/10.1111/conl.12623","Ferrer-Paris et al. 2019"
"1.B.2.Nd.25 - Vancouverian Subalpine Forest","United States","T2.1","LC",NA,NA,30815.2512,"IUCN RLE 2.2","https://doi.org/10.1111/conl.12623","Ferrer-Paris et al. 2019"
"1.B.3.Eh.661 - Espinal Floodplain Forest","Uruguay","TF1.2","EN","VU -- CR","A3",29220.7824,"IUCN RLE 2.2","https://doi.org/10.1111/conl.12623","Ferrer-Paris et al. 2019"
"1.B.3.Eh.661 - Espinal Floodplain Forest","Argentina","TF1.2","EN","VU -- CR","A3",29220.7824,"IUCN RLE 2.2","https://doi.org/10.1111/conl.12623","Ferrer-Paris et al. 2019"
"1.B.3.Eh.661 - Espinal Floodplain Forest","Paraguay","TF1.2","EN","VU -- CR","A3",29220.7824,"IUCN RLE 2.2","https://doi.org/10.1111/conl.12623","Ferrer-Paris et al. 2019"
"1.B.3.Eh.661 - Espinal Floodplain Forest","Brazil","TF1.2","EN","VU -- CR","A3",29220.7824,"IUCN RLE 2.2","https://doi.org/10.1111/conl.12623","Ferrer-Paris et al. 2019"
"1.B.3.Ei.662 - Central Chilean (Mediterranean) & Desert Riparian & Flooded Forest","Chile","TF1.2","EN",NA,"A3",1783.9116,"IUCN RLE 2.2","https://doi.org/10.1111/conl.12623","Ferrer-Paris et al. 2019"
"1.B.3.Ei.662 - Central Chilean (Mediterranean) & Desert Riparian & Flooded Forest","Argentina","TF1.2","EN",NA,"A3",1783.9116,"IUCN RLE 2.2","https://doi.org/10.1111/conl.12623","Ferrer-Paris et al. 2019"
"1.B.3.Ej.663 - Valdivian Temperate Flooded & Swamp Forest","Chile","TF1.2","LC",NA,NA,39203.9919,"IUCN RLE 2.2","https://doi.org/10.1111/conl.12623","Ferrer-Paris et al. 2019"
"1.B.3.Ej.663 - Valdivian Temperate Flooded & Swamp Forest","Argentina","TF1.2","LC",NA,NA,39203.9919,"IUCN RLE 2.2","https://doi.org/10.1111/conl.12623","Ferrer-Paris et al. 2019"
"1.B.3.Ek.664 - Monte Floodplain Forest","Argentina","TF1.2","NE",NA,NA,28389.6657,"IUCN RLE 2.2","https://doi.org/10.1111/conl.12623","Ferrer-Paris et al. 2019"
"1.B.3.Ek.664 - Monte Floodplain Forest","Chile","TF1.2","NE",NA,NA,28389.6657,"IUCN RLE 2.2","https://doi.org/10.1111/conl.12623","Ferrer-Paris et al. 2019"
"1.B.3.Na.28 - Great Plains Floodplain Forest","United States","TF1.2","NE",NA,NA,36441.1791,"IUCN RLE 2.2","https://doi.org/10.1111/conl.12623","Ferrer-Paris et al. 2019"
"1.B.3.Na.28 - Great Plains Floodplain Forest","Canada","TF1.2","NE",NA,NA,36441.1791,"IUCN RLE 2.2","https://doi.org/10.1111/conl.12623","Ferrer-Paris et al. 2019"
"1.B.3.Na.29 - Central Interior and Appalachian Floodplain Forest","Canada","TF1.2","EN","VU -- EN","A3",75072.3876,"IUCN RLE 2.2","https://doi.org/10.1111/conl.12623","Ferrer-Paris et al. 2019"
"1.B.3.Na.29 - Central Interior and Appalachian Floodplain Forest","United States","TF1.2","EN","VU -- EN","A3",75072.3876,"IUCN RLE 2.2","https://doi.org/10.1111/conl.12623","Ferrer-Paris et al. 2019"
"1.B.3.Na.503 - Central & Appalachian Swamp Forest","Canada","TF1.2","CR","VU -- CR","A3",2602.1493,"IUCN RLE 2.2","https://doi.org/10.1111/conl.12623","Ferrer-Paris et al. 2019"
"1.B.3.Na.503 - Central & Appalachian Swamp Forest","United States","TF1.2","CR","VU -- CR","A3",2602.1493,"IUCN RLE 2.2","https://doi.org/10.1111/conl.12623","Ferrer-Paris et al. 2019"
"1.B.3.Na.504 - Northern Swamp Forest","Canada","TF1.2","VU","NT -- VU","A3",70001.7876,"IUCN RLE 2.2","https://doi.org/10.1111/conl.12623","Ferrer-Paris et al. 2019"
"1.B.3.Na.504 - Northern Swamp Forest","United States","TF1.2","VU","NT -- VU","A3",70001.7876,"IUCN RLE 2.2","https://doi.org/10.1111/conl.12623","Ferrer-Paris et al. 2019"
"1.B.3.Nb.31 - Southern Floodplain Hardwood Forest","United States","TF1.2","VU",NA,"A3, D3",163512.4644,"IUCN RLE 2.2","https://doi.org/10.1111/conl.12623","Ferrer-Paris et al. 2019"
"1.B.3.Nb.32 - Southern Coastal Plain Evergreen Hardwood & Conifer Swamp","United States","TF1.2","EN",NA,"D3",13581.0513,"IUCN RLE 2.2","https://doi.org/10.1111/conl.12623","Ferrer-Paris et al. 2019"
"1.B.3.Nb.33 - Southern Coastal Plain Basin Swamp & Flatwoods","United States","TF1.2","VU",NA,"A3, D3",22368.1905,"IUCN RLE 2.2","https://doi.org/10.1111/conl.12623","Ferrer-Paris et al. 2019"
"1.B.3.Nb.154 - Edwards Plateau Riparian Woodland","United States","TF1.2","NE",NA,NA,1714.0329,"IUCN RLE 2.2","https://doi.org/10.1111/conl.12623","Ferrer-Paris et al. 2019"
"1.B.3.Nb.161 - Pond-cypress - Slash Pine Swamp","United States","TF1.2","NT","NT -- VU","A1, A2b, A3, C2b",6703.4142,"IUCN RLE 2.2","https://doi.org/10.1111/conl.12623","Ferrer-Paris et al. 2019"
"1.B.3.Nc.34 - Rocky Mountain & Great Basin Riparian Forest","Canada","TF1.2","NT",NA,"C2b",49421.5506,"IUCN RLE 2.2","https://doi.org/10.1111/conl.12623","Ferrer-Paris et al. 2019"
"1.B.3.Nc.34 - Rocky Mountain & Great Basin Riparian Forest","United States","TF1.2","NT",NA,"C2b",49421.5506,"IUCN RLE 2.2","https://doi.org/10.1111/conl.12623","Ferrer-Paris et al. 2019"
"1.B.3.Nd.36 - Warm Southwest Riparian Forest","Mexico","TF1.2","EN",NA,"A3",36990.2376,"IUCN RLE 2.2","https://doi.org/10.1111/conl.12623","Ferrer-Paris et al. 2019"
"1.B.3.Nd.36 - Warm Southwest Riparian Forest","United States","TF1.2","EN",NA,"A3",36990.2376,"IUCN RLE 2.2","https://doi.org/10.1111/conl.12623","Ferrer-Paris et al. 2019"
"1.B.3.Nd.660 - Mexican Interior Riparian Forest","Mexico","TF1.2","EN","VU -- CR","A1, A3",6088.6485,"IUCN RLE 2.2","https://doi.org/10.1111/conl.12623","Ferrer-Paris et al. 2019"
"1.B.3.Ng.35 - Vancouverian Flooded & Swamp Forest","Canada","TF1.2","VU","LC -- EN","A2b",13942.611,"IUCN RLE 2.2","https://doi.org/10.1111/conl.12623","Ferrer-Paris et al. 2019"
"1.B.3.Ng.35 - Vancouverian Flooded & Swamp Forest","United States","TF1.2","VU","LC -- EN","A2b",13942.611,"IUCN RLE 2.2","https://doi.org/10.1111/conl.12623","Ferrer-Paris et al. 2019"
